date,symbol,transaction_type,qty,entry_price,exit_price,sl_hit,pnl,sl_hit_time,cumulative_pnl,cum_max,drawdown
2019-02-11,DAILY_TOTAL,,,,,,-6735.0,,-6735.0,-6735.0,0.0
2019-02-12,DAILY_TOTAL,,,,,,-6585.0,,-13320.0,-6735.0,-6585.0
2019-02-15,DAILY_TOTAL,,,,,,-17152.5,,-30472.5,-6735.0,-23737.5
2019-02-18,DAILY_TOTAL,,,,,,3367.5,,-27105.0,-6735.0,-20370.0
2019-02-19,DAILY_TOTAL,,,,,,1822.5,,-25282.5,-6735.0,-18547.5
2019-02-20,DAILY_TOTAL,,,,,,-3202.5,,-28485.0,-6735.0,-21750.0
2019-02-21,DAILY_TOTAL,,,,,,8955.0,,-19530.0,-6735.0,-12795.0
2019-02-22,DAILY_TOTAL,,,,,,6442.5,,-13087.5,-6735.0,-6352.5
2019-02-25,DAILY_TOTAL,,,,,,10995.0,,-2092.5,-2092.5,0.0
2019-02-26,DAILY_TOTAL,,,,,,-1230.0,,-3322.5,-2092.5,-1230.0
2019-02-27,DAILY_TOTAL,,,,,,-8512.5,,-11835.0,-2092.5,-9742.5
2019-02-28,DAILY_TOTAL,,,,,,4657.5,,-7177.5,-2092.5,-5085.0
2019-03-01,DAILY_TOTAL,,,,,,615.0,,-6562.5,-2092.5,-4470.0
2019-03-05,DAILY_TOTAL,,,,,,-8850.0,,-15412.5,-2092.5,-13320.0
2019-03-06,DAILY_TOTAL,,,,,,8715.0,,-6697.5,-2092.5,-4605.0
2019-03-07,DAILY_TOTAL,,,,,,3112.5,,-3585.0,-2092.5,-1492.5
2019-03-11,DAILY_TOTAL,,,,,,9705.0,,6120.0,6120.0,0.0
2019-03-12,DAILY_TOTAL,,,,,,795.0,,6915.0,6915.0,0.0
2019-03-13,DAILY_TOTAL,,,,,,907.5,,7822.5,7822.5,0.0
2019-03-14,DAILY_TOTAL,,,,,,172.5,,7995.0,7995.0,0.0
2019-03-15,DAILY_TOTAL,,,,,,-16042.5,,-8047.5,7995.0,-16042.5
2019-03-18,DAILY_TOTAL,,,,,,7740.0,,-307.5,7995.0,-8302.5
2019-03-19,DAILY_TOTAL,,,,,,10447.5,,10140.0,10140.0,0.0
2019-03-20,DAILY_TOTAL,,,,,,7950.0,,18090.0,18090.0,0.0
2019-03-22,DAILY_TOTAL,,,,,,-14692.5,,3397.5,18090.0,-14692.5
2019-03-25,DAILY_TOTAL,,,,,,-397.5,,3000.0,18090.0,-15090.0
2019-03-26,DAILY_TOTAL,,,,,,-16350.0,,-13350.0,18090.0,-31440.0
2019-03-27,DAILY_TOTAL,,,,,,-5235.0,,-18585.0,18090.0,-36675.0
2019-03-28,DAILY_TOTAL,,,,,,-1537.5,,-20122.5,18090.0,-38212.5
2019-03-29,DAILY_TOTAL,,,,,,315.0,,-19807.5,18090.0,-37897.5
2019-04-01,DAILY_TOTAL,,,,,,307.5,,-19500.0,18090.0,-37590.0
2019-04-02,DAILY_TOTAL,,,,,,6195.0,,-13305.0,18090.0,-31395.0
2019-04-03,DAILY_TOTAL,,,,,,-11902.5,,-25207.5,18090.0,-43297.5
2019-04-04,DAILY_TOTAL,,,,,,6930.0,,-18277.5,18090.0,-36367.5
2019-04-05,DAILY_TOTAL,,,,,,5070.0,,-13207.5,18090.0,-31297.5
2019-04-08,DAILY_TOTAL,,,,,,-82.5,,-13290.0,18090.0,-31380.0
2019-04-09,DAILY_TOTAL,,,,,,-15802.5,,-29092.5,18090.0,-47182.5
2019-04-10,DAILY_TOTAL,,,,,,9352.5,,-19740.0,18090.0,-37830.0
2019-04-11,DAILY_TOTAL,,,,,,5085.0,,-14655.0,18090.0,-32745.0
2019-04-12,DAILY_TOTAL,,,,,,3780.0,,-10875.0,18090.0,-28965.0
2019-04-15,DAILY_TOTAL,,,,,,1327.5,,-9547.5,18090.0,-27637.5
2019-04-16,DAILY_TOTAL,,,,,,-975.0,,-10522.5,18090.0,-28612.5
2019-04-18,DAILY_TOTAL,,,,,,5250.0,,-5272.5,18090.0,-23362.5
2019-04-22,DAILY_TOTAL,,,,,,8835.0,,3562.5,18090.0,-14527.5
2019-04-23,DAILY_TOTAL,,,,,,12615.0,,16177.5,18090.0,-1912.5
2019-04-24,DAILY_TOTAL,,,,,,-7845.0,,8332.5,18090.0,-9757.5
2019-04-25,DAILY_TOTAL,,,,,,-15180.0,,-6847.5,18090.0,-24937.5
2019-04-26,DAILY_TOTAL,,,,,,1807.5,,-5040.0,18090.0,-23130.0
2019-04-30,DAILY_TOTAL,,,,,,2752.5,,-2287.5,18090.0,-20377.5
2019-05-02,DAILY_TOTAL,,,,,,3105.0,,817.5,18090.0,-17272.5
2019-05-03,DAILY_TOTAL,,,,,,-4462.5,,-3645.0,18090.0,-21735.0
2019-05-06,DAILY_TOTAL,,,,,,1140.0,,-2505.0,18090.0,-20595.0
2019-05-07,DAILY_TOTAL,,,,,,1147.5,,-1357.5,18090.0,-19447.5
2019-05-09,DAILY_TOTAL,,,,,,-165.0,,-1522.5,18090.0,-19612.5
2019-05-10,DAILY_TOTAL,,,,,,-1537.5,,-3060.0,18090.0,-21150.0
2019-05-13,DAILY_TOTAL,,,,,,18750.0,,15690.0,18090.0,-2400.0
2019-05-14,DAILY_TOTAL,,,,,,-9772.5,,5917.5,18090.0,-12172.5
2019-05-15,DAILY_TOTAL,,,,,,3705.0,,9622.5,18090.0,-8467.5
2019-05-16,DAILY_TOTAL,,,,,,-16192.5,,-6570.0,18090.0,-24660.0
2019-05-17,DAILY_TOTAL,,,,,,-11265.0,,-17835.0,18090.0,-35925.0
2019-05-20,DAILY_TOTAL,,,,,,7125.0,,-10710.0,18090.0,-28800.0
2019-05-21,DAILY_TOTAL,,,,,,-10770.0,,-21480.0,18090.0,-39570.0
2019-05-22,DAILY_TOTAL,,,,,,-2205.0,,-23685.0,18090.0,-41775.0
2019-05-23,DAILY_TOTAL,,,,,,1890.0,,-21795.0,18090.0,-39885.0
2019-05-24,DAILY_TOTAL,,,,,,20812.5,,-982.5,18090.0,-19072.5
2019-05-27,DAILY_TOTAL,,,,,,-1222.5,,-2205.0,18090.0,-20295.0
2019-05-29,DAILY_TOTAL,,,,,,8002.5,,5797.5,18090.0,-12292.5
2019-05-30,DAILY_TOTAL,,,,,,10417.5,,16215.0,18090.0,-1875.0
2019-05-31,DAILY_TOTAL,,,,,,-127.5,,16087.5,18090.0,-2002.5
2019-06-03,DAILY_TOTAL,,,,,,7777.5,,23865.0,23865.0,0.0
2019-06-04,DAILY_TOTAL,,,,,,-7042.5,,16822.5,23865.0,-7042.5
2019-06-06,DAILY_TOTAL,,,,,,-6532.5,,10290.0,23865.0,-13575.0
2019-06-07,DAILY_TOTAL,,,,,,-3285.0,,7005.0,23865.0,-16860.0
2019-06-10,DAILY_TOTAL,,,,,,-3780.0,,3225.0,23865.0,-20640.0
2019-06-11,DAILY_TOTAL,,,,,,7875.0,,11100.0,23865.0,-12765.0
2019-06-12,DAILY_TOTAL,,,,,,6105.0,,17205.0,23865.0,-6660.0
2019-06-13,DAILY_TOTAL,,,,,,-5242.5,,11962.5,23865.0,-11902.5
2019-06-14,DAILY_TOTAL,,,,,,-10395.0,,1567.5,23865.0,-22297.5
2019-06-17,DAILY_TOTAL,,,,,,-8782.5,,-7215.0,23865.0,-31080.0
2019-06-18,DAILY_TOTAL,,,,,,1087.5,,-6127.5,23865.0,-29992.5
2019-06-19,DAILY_TOTAL,,,,,,-3480.0,,-9607.5,23865.0,-33472.5
2019-06-21,DAILY_TOTAL,,,,,,3465.0,,-6142.5,23865.0,-30007.5
2019-06-24,DAILY_TOTAL,,,,,,2332.5,,-3810.0,23865.0,-27675.0
2019-06-25,DAILY_TOTAL,,,,,,-12667.5,,-16477.5,23865.0,-40342.5
2019-06-26,DAILY_TOTAL,,,,,,3810.0,,-12667.5,23865.0,-36532.5
2019-06-27,DAILY_TOTAL,,,,,,-4470.0,,-17137.5,23865.0,-41002.5
2019-06-28,DAILY_TOTAL,,,,,,-1410.0,,-18547.5,23865.0,-42412.5
2019-07-01,DAILY_TOTAL,,,,,,5212.5,,-13335.0,23865.0,-37200.0
2019-07-02,DAILY_TOTAL,,,,,,2385.0,,-10950.0,23865.0,-34815.0
2019-07-03,DAILY_TOTAL,,,,,,3862.5,,-7087.5,23865.0,-30952.5
2019-07-04,DAILY_TOTAL,,,,,,2490.0,,-4597.5,23865.0,-28462.5
2019-07-05,DAILY_TOTAL,,,,,,-16807.5,,-21405.0,23865.0,-45270.0
2019-07-08,DAILY_TOTAL,,,,,,-15202.5,,-36607.5,23865.0,-60472.5
2019-07-09,DAILY_TOTAL,,,,,,3457.5,,-33150.0,23865.0,-57015.0
2019-07-10,DAILY_TOTAL,,,,,,11700.0,,-21450.0,23865.0,-45315.0
2019-07-11,DAILY_TOTAL,,,,,,2107.5,,-19342.5,23865.0,-43207.5
2019-07-12,DAILY_TOTAL,,,,,,-7867.5,,-27210.0,23865.0,-51075.0
2019-07-15,DAILY_TOTAL,,,,,,30.0,,-27180.0,23865.0,-51045.0
2019-07-16,DAILY_TOTAL,,,,,,-1507.5,,-28687.5,23865.0,-52552.5
2019-07-17,DAILY_TOTAL,,,,,,6270.0,,-22417.5,23865.0,-46282.5
2019-07-18,DAILY_TOTAL,,,,,,-2985.0,,-25402.5,23865.0,-49267.5
2019-07-19,DAILY_TOTAL,,,,,,-25447.5,,-50850.0,23865.0,-74715.0
2019-07-22,DAILY_TOTAL,,,,,,-12255.0,,-63105.0,23865.0,-86970.0
2019-07-23,DAILY_TOTAL,,,,,,-3300.0,,-66405.0,23865.0,-90270.0
2019-07-24,DAILY_TOTAL,,,,,,-652.5,,-67057.5,23865.0,-90922.5
2019-07-25,DAILY_TOTAL,,,,,,-3735.0,,-70792.5,23865.0,-94657.5
2019-07-26,DAILY_TOTAL,,,,,,-3855.0,,-74647.5,23865.0,-98512.5
2019-07-29,DAILY_TOTAL,,,,,,3105.0,,-71542.5,23865.0,-95407.5
2019-07-30,DAILY_TOTAL,,,,,,-17805.0,,-89347.5,23865.0,-113212.5
2019-07-31,DAILY_TOTAL,,,,,,210.0,,-89137.5,23865.0,-113002.5
2019-08-01,DAILY_TOTAL,,,,,,2805.0,,-86332.5,23865.0,-110197.5
2019-08-02,DAILY_TOTAL,,,,,,-3120.0,,-89452.5,23865.0,-113317.5
2019-08-05,DAILY_TOTAL,,,,,,-11707.5,,-101160.0,23865.0,-125025.0
2019-08-06,DAILY_TOTAL,,,,,,8677.5,,-92482.5,23865.0,-116347.5
2019-08-07,DAILY_TOTAL,,,,,,-2595.0,,-95077.5,23865.0,-118942.5
2019-08-08,DAILY_TOTAL,,,,,,480.0,,-94597.5,23865.0,-118462.5
2019-08-09,DAILY_TOTAL,,,,,,7852.5,,-86745.0,23865.0,-110610.0
2019-08-13,DAILY_TOTAL,,,,,,-4582.5,,-91327.5,23865.0,-115192.5
2019-08-14,DAILY_TOTAL,,,,,,-6795.0,,-98122.5,23865.0,-121987.5
2019-08-19,DAILY_TOTAL,,,,,,682.5,,-97440.0,23865.0,-121305.0
2019-08-20,DAILY_TOTAL,,,,,,2595.0,,-94845.0,23865.0,-118710.0
2019-08-21,DAILY_TOTAL,,,,,,-382.5,,-95227.5,23865.0,-119092.5
2019-08-22,DAILY_TOTAL,,,,,,10597.5,,-84630.0,23865.0,-108495.0
2019-08-23,DAILY_TOTAL,,,,,,-4177.5,,-88807.5,23865.0,-112672.5
2019-08-26,DAILY_TOTAL,,,,,,-17925.0,,-106732.5,23865.0,-130597.5
2019-08-27,DAILY_TOTAL,,,,,,8857.5,,-97875.0,23865.0,-121740.0
2019-08-28,DAILY_TOTAL,,,,,,5692.5,,-92182.5,23865.0,-116047.5
2019-08-29,DAILY_TOTAL,,,,,,315.0,,-91867.5,23865.0,-115732.5
2019-08-30,DAILY_TOTAL,,,,,,-13815.0,,-105682.5,23865.0,-129547.5
2019-09-03,DAILY_TOTAL,,,,,,14317.5,,-91365.0,23865.0,-115230.0
2019-09-04,DAILY_TOTAL,,,,,,14565.0,,-76800.0,23865.0,-100665.0
2019-09-05,DAILY_TOTAL,,,,,,8910.0,,-67890.0,23865.0,-91755.0
2019-09-06,DAILY_TOTAL,,,,,,7305.0,,-60585.0,23865.0,-84450.0
2019-09-09,DAILY_TOTAL,,,,,,-3930.0,,-64515.0,23865.0,-88380.0
2019-09-11,DAILY_TOTAL,,,,,,8467.5,,-56047.5,23865.0,-79912.5
2019-09-12,DAILY_TOTAL,,,,,,-2715.0,,-58762.5,23865.0,-82627.5
2019-09-13,DAILY_TOTAL,,,,,,2287.5,,-56475.0,23865.0,-80340.0
2019-09-16,DAILY_TOTAL,,,,,,9517.5,,-46957.5,23865.0,-70822.5
2019-09-17,DAILY_TOTAL,,,,,,1605.0,,-45352.5,23865.0,-69217.5
2019-09-18,DAILY_TOTAL,,,,,,8662.5,,-36690.0,23865.0,-60555.0
2019-09-19,DAILY_TOTAL,,,,,,-6390.0,,-43080.0,23865.0,-66945.0
2019-09-20,DAILY_TOTAL,,,,,,-183982.5,,-227062.5,23865.0,-250927.5
2019-09-23,DAILY_TOTAL,,,,,,3015.0,,-224047.5,23865.0,-247912.5
2019-09-24,DAILY_TOTAL,,,,,,-13612.5,,-237660.0,23865.0,-261525.0
2019-09-25,DAILY_TOTAL,,,,,,12690.0,,-224970.0,23865.0,-248835.0
2019-09-26,DAILY_TOTAL,,,,,,607.5,,-224362.5,23865.0,-248227.5
2019-09-27,DAILY_TOTAL,,,,,,-1035.0,,-225397.5,23865.0,-249262.5
2019-09-30,DAILY_TOTAL,,,,,,15262.5,,-210135.0,23865.0,-234000.0
2019-10-01,DAILY_TOTAL,,,,,,-5340.0,,-215475.0,23865.0,-239340.0
2019-10-03,DAILY_TOTAL,,,,,,-2347.5,,-217822.5,23865.0,-241687.5
2019-10-04,DAILY_TOTAL,,,,,,-18705.0,,-236527.5,23865.0,-260392.5
2019-10-07,DAILY_TOTAL,,,,,,3735.0,,-232792.5,23865.0,-256657.5
2019-10-09,DAILY_TOTAL,,,,,,-21870.0,,-254662.5,23865.0,-278527.5
2019-10-10,DAILY_TOTAL,,,,,,-37.5,,-254700.0,23865.0,-278565.0
2019-10-11,DAILY_TOTAL,,,,,,1192.5,,-253507.5,23865.0,-277372.5
2019-10-14,DAILY_TOTAL,,,,,,-12307.5,,-265815.0,23865.0,-289680.0
2019-10-15,DAILY_TOTAL,,,,,,-6367.5,,-272182.5,23865.0,-296047.5
2019-10-16,DAILY_TOTAL,,,,,,7672.5,,-264510.0,23865.0,-288375.0
2019-10-17,DAILY_TOTAL,,,,,,21022.5,,-243487.5,23865.0,-267352.5
2019-10-18,DAILY_TOTAL,,,,,,-11692.5,,-255180.0,23865.0,-279045.0
2019-10-22,DAILY_TOTAL,,,,,,1830.0,,-253350.0,23865.0,-277215.0
2019-10-23,DAILY_TOTAL,,,,,,-1297.5,,-254647.5,23865.0,-278512.5
2019-10-24,DAILY_TOTAL,,,,,,-9952.5,,-264600.0,23865.0,-288465.0
2019-10-25,DAILY_TOTAL,,,,,,10897.5,,-253702.5,23865.0,-277567.5
2019-10-29,DAILY_TOTAL,,,,,,-22342.5,,-276045.0,23865.0,-299910.0
2019-10-30,DAILY_TOTAL,,,,,,9337.5,,-266707.5,23865.0,-290572.5
2019-10-31,DAILY_TOTAL,,,,,,-1680.0,,-268387.5,23865.0,-292252.5
2019-11-01,DAILY_TOTAL,,,,,,16590.0,,-251797.5,23865.0,-275662.5
2019-11-04,DAILY_TOTAL,,,,,,-5190.0,,-256987.5,23865.0,-280852.5
2019-11-05,DAILY_TOTAL,,,,,,2745.0,,-254242.5,23865.0,-278107.5
2019-11-06,DAILY_TOTAL,,,,,,360.0,,-253882.5,23865.0,-277747.5
2019-11-07,DAILY_TOTAL,,,,,,7035.0,,-246847.5,23865.0,-270712.5
2019-11-08,DAILY_TOTAL,,,,,,-6637.5,,-253485.0,23865.0,-277350.0
2019-11-11,DAILY_TOTAL,,,,,,-202.5,,-253687.5,23865.0,-277552.5
2019-11-13,DAILY_TOTAL,,,,,,1942.5,,-251745.0,23865.0,-275610.0
2019-11-14,DAILY_TOTAL,,,,,,-1110.0,,-252855.0,23865.0,-276720.0
2019-11-15,DAILY_TOTAL,,,,,,6255.0,,-246600.0,23865.0,-270465.0
2019-11-18,DAILY_TOTAL,,,,,,-30.0,,-246630.0,23865.0,-270495.0
2019-11-19,DAILY_TOTAL,,,,,,300.0,,-246330.0,23865.0,-270195.0
2019-11-20,DAILY_TOTAL,,,,,,10230.0,,-236100.0,23865.0,-259965.0
2019-11-21,DAILY_TOTAL,,,,,,2107.5,,-233992.5,23865.0,-257857.5
2019-11-22,DAILY_TOTAL,,,,,,1485.0,,-232507.5,23865.0,-256372.5
2019-11-25,DAILY_TOTAL,,,,,,-19732.5,,-252240.0,23865.0,-276105.0
2019-11-26,DAILY_TOTAL,,,,,,9120.0,,-243120.0,23865.0,-266985.0
2019-11-27,DAILY_TOTAL,,,,,,7342.5,,-235777.5,23865.0,-259642.5
2019-11-28,DAILY_TOTAL,,,,,,11092.5,,-224685.0,23865.0,-248550.0
2019-11-29,DAILY_TOTAL,,,,,,-1027.5,,-225712.5,23865.0,-249577.5
2019-12-02,DAILY_TOTAL,,,,,,-277.5,,-225990.0,23865.0,-249855.0
2019-12-03,DAILY_TOTAL,,,,,,2782.5,,-223207.5,23865.0,-247072.5
2019-12-04,DAILY_TOTAL,,,,,,-17977.5,,-241185.0,23865.0,-265050.0
2019-12-05,DAILY_TOTAL,,,,,,-2370.0,,-243555.0,23865.0,-267420.0
2019-12-06,DAILY_TOTAL,,,,,,-15435.0,,-258990.0,23865.0,-282855.0
2019-12-09,DAILY_TOTAL,,,,,,2092.5,,-256897.5,23865.0,-280762.5
2019-12-10,DAILY_TOTAL,,,,,,1522.5,,-255375.0,23865.0,-279240.0
2019-12-11,DAILY_TOTAL,,,,,,4972.5,,-250402.5,23865.0,-274267.5
2019-12-12,DAILY_TOTAL,,,,,,2962.5,,-247440.0,23865.0,-271305.0
2019-12-13,DAILY_TOTAL,,,,,,2287.5,,-245152.5,23865.0,-269017.5
2019-12-16,DAILY_TOTAL,,,,,,-60.0,,-245212.5,23865.0,-269077.5
2019-12-17,DAILY_TOTAL,,,,,,1725.0,,-243487.5,23865.0,-267352.5
2019-12-18,DAILY_TOTAL,,,,,,9390.0,,-234097.5,23865.0,-257962.5
2019-12-19,DAILY_TOTAL,,,,,,8430.0,,-225667.5,23865.0,-249532.5
2019-12-20,DAILY_TOTAL,,,,,,2415.0,,-223252.5,23865.0,-247117.5
2019-12-23,DAILY_TOTAL,,,,,,8520.0,,-214732.5,23865.0,-238597.5
2019-12-24,DAILY_TOTAL,,,,,,-2670.0,,-217402.5,23865.0,-241267.5
2019-12-26,DAILY_TOTAL,,,,,,-3322.5,,-220725.0,23865.0,-244590.0
2019-12-27,DAILY_TOTAL,,,,,,-10462.5,,-231187.5,23865.0,-255052.5
2019-12-30,DAILY_TOTAL,,,,,,1575.0,,-229612.5,23865.0,-253477.5
2019-12-31,DAILY_TOTAL,,,,,,-2490.0,,-232102.5,23865.0,-255967.5
2020-01-01,DAILY_TOTAL,,,,,,2775.0,,-229327.5,23865.0,-253192.5
2020-01-02,DAILY_TOTAL,,,,,,-6382.5,,-235710.0,23865.0,-259575.0
2020-01-03,DAILY_TOTAL,,,,,,-3322.5,,-239032.5,23865.0,-262897.5
2020-01-06,DAILY_TOTAL,,,,,,-12187.5,,-251220.0,23865.0,-275085.0
2020-01-07,DAILY_TOTAL,,,,,,-6285.0,,-257505.0,23865.0,-281370.0
2020-01-08,DAILY_TOTAL,,,,,,-2025.0,,-259530.0,23865.0,-283395.0
2020-01-09,DAILY_TOTAL,,,,,,7455.0,,-252075.0,23865.0,-275940.0
2020-01-10,DAILY_TOTAL,,,,,,-4620.0,,-256695.0,23865.0,-280560.0
2020-01-13,DAILY_TOTAL,,,,,,-1680.0,,-258375.0,23865.0,-282240.0
2020-01-14,DAILY_TOTAL,,,,,,3997.5,,-254377.5,23865.0,-278242.5
2020-01-15,DAILY_TOTAL,,,,,,2220.0,,-252157.5,23865.0,-276022.5
2020-01-16,DAILY_TOTAL,,,,,,-3232.5,,-255390.0,23865.0,-279255.0
2020-01-17,DAILY_TOTAL,,,,,,5760.0,,-249630.0,23865.0,-273495.0
2020-01-20,DAILY_TOTAL,,,,,,-6622.5,,-256252.5,23865.0,-280117.5
2020-01-21,DAILY_TOTAL,,,,,,3172.5,,-253080.0,23865.0,-276945.0
2020-01-22,DAILY_TOTAL,,,,,,-9307.5,,-262387.5,23865.0,-286252.5
2020-01-23,DAILY_TOTAL,,,,,,-10027.5,,-272415.0,23865.0,-296280.0
2020-01-24,DAILY_TOTAL,,,,,,-10605.0,,-283020.0,23865.0,-306885.0
2020-01-27,DAILY_TOTAL,,,,,,8152.5,,-274867.5,23865.0,-298732.5
2020-01-28,DAILY_TOTAL,,,,,,-3577.5,,-278445.0,23865.0,-302310.0
2020-01-29,DAILY_TOTAL,,,,,,5062.5,,-273382.5,23865.0,-297247.5
2020-01-30,DAILY_TOTAL,,,,,,2265.0,,-271117.5,23865.0,-294982.5
2020-01-31,DAILY_TOTAL,,,,,,-1830.0,,-272947.5,23865.0,-296812.5
2020-02-01,DAILY_TOTAL,,,,,,37860.0,,-235087.5,23865.0,-258952.5
2020-02-03,DAILY_TOTAL,,,,,,14850.0,,-220237.5,23865.0,-244102.5
2020-02-04,DAILY_TOTAL,,,,,,-9382.5,,-229620.0,23865.0,-253485.0
2020-02-05,DAILY_TOTAL,,,,,,2235.0,,-227385.0,23865.0,-251250.0
2020-02-06,DAILY_TOTAL,,,,,,2032.5,,-225352.5,23865.0,-249217.5
2020-02-07,DAILY_TOTAL,,,,,,-97.5,,-225450.0,23865.0,-249315.0
2020-02-10,DAILY_TOTAL,,,,,,-885.0,,-226335.0,23865.0,-250200.0
2020-02-11,DAILY_TOTAL,,,,,,-6817.5,,-233152.5,23865.0,-257017.5
2020-02-12,DAILY_TOTAL,,,,,,14422.5,,-218730.0,23865.0,-242595.0
2020-02-13,DAILY_TOTAL,,,,,,-4687.5,,-223417.5,23865.0,-247282.5
2020-02-14,DAILY_TOTAL,,,,,,-6187.5,,-229605.0,23865.0,-253470.0
2020-02-17,DAILY_TOTAL,,,,,,-5302.5,,-234907.5,23865.0,-258772.5
2020-02-18,DAILY_TOTAL,,,,,,1665.0,,-233242.5,23865.0,-257107.5
2020-02-19,DAILY_TOTAL,,,,,,4477.5,,-228765.0,23865.0,-252630.0
2020-02-20,DAILY_TOTAL,,,,,,3937.5,,-224827.5,23865.0,-248692.5
2020-02-24,DAILY_TOTAL,,,,,,6967.5,,-217860.0,23865.0,-241725.0
2020-02-25,DAILY_TOTAL,,,,,,10462.5,,-207397.5,23865.0,-231262.5
2020-02-26,DAILY_TOTAL,,,,,,735.0,,-206662.5,23865.0,-230527.5
2020-02-27,DAILY_TOTAL,,,,,,8962.5,,-197700.0,23865.0,-221565.0
2020-02-28,DAILY_TOTAL,,,,,,-26272.5,,-223972.5,23865.0,-247837.5
2020-03-02,DAILY_TOTAL,,,,,,6315.0,,-217657.5,23865.0,-241522.5
2020-03-03,DAILY_TOTAL,,,,,,24450.0,,-193207.5,23865.0,-217072.5
2020-03-04,DAILY_TOTAL,,,,,,15090.0,,-178117.5,23865.0,-201982.5
2020-03-05,DAILY_TOTAL,,,,,,13972.5,,-164145.0,23865.0,-188010.0
2020-03-06,DAILY_TOTAL,,,,,,-4162.5,,-168307.5,23865.0,-192172.5
2020-03-09,DAILY_TOTAL,,,,,,-28320.0,,-196627.5,23865.0,-220492.5
2020-03-11,DAILY_TOTAL,,,,,,27600.0,,-169027.5,23865.0,-192892.5
2020-03-12,DAILY_TOTAL,,,,,,-93487.5,,-262515.0,23865.0,-286380.0
2020-03-13,DAILY_TOTAL,,,,,,1072.5,,-261442.5,23865.0,-285307.5
2020-03-16,DAILY_TOTAL,,,,,,-4237.5,,-265680.0,23865.0,-289545.0
2020-03-17,DAILY_TOTAL,,,,,,56010.0,,-209670.0,23865.0,-233535.0
2020-03-18,DAILY_TOTAL,,,,,,-50137.5,,-259807.5,23865.0,-283672.5
2020-03-19,DAILY_TOTAL,,,,,,-37575.0,,-297382.5,23865.0,-321247.5
2020-03-20,DAILY_TOTAL,,,,,,-1905.0,,-299287.5,23865.0,-323152.5
2020-03-23,DAILY_TOTAL,,,,,,-83992.5,,-383280.0,23865.0,-407145.0
2020-03-24,DAILY_TOTAL,,,,,,-7792.5,,-391072.5,23865.0,-414937.5
2020-03-25,DAILY_TOTAL,,,,,,58755.0,,-332317.5,23865.0,-356182.5
2020-03-26,DAILY_TOTAL,,,,,,30982.5,,-301335.0,23865.0,-325200.0
2020-03-27,DAILY_TOTAL,,,,,,-14925.0,,-316260.0,23865.0,-340125.0
2020-03-30,DAILY_TOTAL,,,,,,58432.5,,-257827.5,23865.0,-281692.5
2020-03-31,DAILY_TOTAL,,,,,,52477.5,,-205350.0,23865.0,-229215.0
2020-04-01,DAILY_TOTAL,,,,,,12322.5,,-193027.5,23865.0,-216892.5
2020-04-03,DAILY_TOTAL,,,,,,42180.0,,-150847.5,23865.0,-174712.5
2020-04-07,DAILY_TOTAL,,,,,,-34050.0,,-184897.5,23865.0,-208762.5
2020-04-08,DAILY_TOTAL,,,,,,37440.0,,-147457.5,23865.0,-171322.5
2020-04-09,DAILY_TOTAL,,,,,,25770.0,,-121687.5,23865.0,-145552.5
2020-04-13,DAILY_TOTAL,,,,,,15307.5,,-106380.0,23865.0,-130245.0
2020-04-15,DAILY_TOTAL,,,,,,-4597.5,,-110977.5,23865.0,-134842.5
2020-04-16,DAILY_TOTAL,,,,,,-13185.0,,-124162.5,23865.0,-148027.5
2020-04-17,DAILY_TOTAL,,,,,,-10155.0,,-134317.5,23865.0,-158182.5
2020-04-20,DAILY_TOTAL,,,,,,23347.5,,-110970.0,23865.0,-134835.0
2020-04-21,DAILY_TOTAL,,,,,,10095.0,,-100875.0,23865.0,-124740.0
2020-04-22,DAILY_TOTAL,,,,,,-2047.5,,-102922.5,23865.0,-126787.5
2020-04-23,DAILY_TOTAL,,,,,,9960.0,,-92962.5,23865.0,-116827.5
2020-04-24,DAILY_TOTAL,,,,,,10807.5,,-82155.0,23865.0,-106020.0
2020-04-27,DAILY_TOTAL,,,,,,19020.0,,-63135.0,23865.0,-87000.0
2020-04-28,DAILY_TOTAL,,,,,,20175.0,,-42960.0,23865.0,-66825.0
2020-04-29,DAILY_TOTAL,,,,,,18172.5,,-24787.5,23865.0,-48652.5
2020-04-30,DAILY_TOTAL,,,,,,-1852.5,,-26640.0,23865.0,-50505.0
2020-05-04,DAILY_TOTAL,,,,,,-19312.5,,-45952.5,23865.0,-69817.5
2020-05-05,DAILY_TOTAL,,,,,,2340.0,,-43612.5,23865.0,-67477.5
2020-05-06,DAILY_TOTAL,,,,,,-3960.0,,-47572.5,23865.0,-71437.5
2020-05-07,DAILY_TOTAL,,,,,,23527.5,,-24045.0,23865.0,-47910.0
2020-05-08,DAILY_TOTAL,,,,,,-270.0,,-24315.0,23865.0,-48180.0
2020-05-11,DAILY_TOTAL,,,,,,-7680.0,,-31995.0,23865.0,-55860.0
2020-05-12,DAILY_TOTAL,,,,,,-12262.5,,-44257.5,23865.0,-68122.5
2020-05-13,DAILY_TOTAL,,,,,,25110.0,,-19147.5,23865.0,-43012.5
2020-05-14,DAILY_TOTAL,,,,,,22635.0,,3487.5,23865.0,-20377.5
2020-05-15,DAILY_TOTAL,,,,,,1545.0,,5032.5,23865.0,-18832.5
2020-05-18,DAILY_TOTAL,,,,,,-32152.5,,-27120.0,23865.0,-50985.0
2020-05-19,DAILY_TOTAL,,,,,,630.0,,-26490.0,23865.0,-50355.0
2020-05-20,DAILY_TOTAL,,,,,,-6367.5,,-32857.5,23865.0,-56722.5
2020-05-21,DAILY_TOTAL,,,,,,18570.0,,-14287.5,23865.0,-38152.5
2020-05-22,DAILY_TOTAL,,,,,,3405.0,,-10882.5,23865.0,-34747.5
2020-05-26,DAILY_TOTAL,,,,,,11970.0,,1087.5,23865.0,-22777.5
2020-05-27,DAILY_TOTAL,,,,,,-24877.5,,-23790.0,23865.0,-47655.0
2020-05-28,DAILY_TOTAL,,,,,,-862.5,,-24652.5,23865.0,-48517.5
2020-05-29,DAILY_TOTAL,,,,,,6427.5,,-18225.0,23865.0,-42090.0
2020-06-01,DAILY_TOTAL,,,,,,23527.5,,5302.5,23865.0,-18562.5
2020-06-02,DAILY_TOTAL,,,,,,13410.0,,18712.5,23865.0,-5152.5
2020-06-03,DAILY_TOTAL,,,,,,-997.5,,17715.0,23865.0,-6150.0
2020-06-04,DAILY_TOTAL,,,,,,5820.0,,23535.0,23865.0,-330.0
2020-06-05,DAILY_TOTAL,,,,,,13215.0,,36750.0,36750.0,0.0
2020-06-08,DAILY_TOTAL,,,,,,-6832.5,,29917.5,36750.0,-6832.5
2020-06-09,DAILY_TOTAL,,,,,,27532.5,,57450.0,57450.0,0.0
2020-06-10,DAILY_TOTAL,,,,,,7935.0,,65385.0,65385.0,0.0
2020-06-11,DAILY_TOTAL,,,,,,-607.5,,64777.5,65385.0,-607.5
2020-06-12,DAILY_TOTAL,,,,,,-30187.5,,34590.0,65385.0,-30795.0
2020-06-15,DAILY_TOTAL,,,,,,-5370.0,,29220.0,65385.0,-36165.0
2020-06-16,DAILY_TOTAL,,,,,,-12105.0,,17115.0,65385.0,-48270.0
2020-06-17,DAILY_TOTAL,,,,,,5505.0,,22620.0,65385.0,-42765.0
2020-06-18,DAILY_TOTAL,,,,,,-14595.0,,8025.0,65385.0,-57360.0
2020-06-19,DAILY_TOTAL,,,,,,9930.0,,17955.0,65385.0,-47430.0
2020-06-22,DAILY_TOTAL,,,,,,21217.5,,39172.5,65385.0,-26212.5
2020-06-23,DAILY_TOTAL,,,,,,11542.5,,50715.0,65385.0,-14670.0
2020-06-24,DAILY_TOTAL,,,,,,-26032.5,,24682.5,65385.0,-40702.5
2020-06-25,DAILY_TOTAL,,,,,,5962.5,,30645.0,65385.0,-34740.0
2020-06-26,DAILY_TOTAL,,,,,,9397.5,,40042.5,65385.0,-25342.5
2020-06-29,DAILY_TOTAL,,,,,,12562.5,,52605.0,65385.0,-12780.0
2020-06-30,DAILY_TOTAL,,,,,,-9712.5,,42892.5,65385.0,-22492.5
2020-07-01,DAILY_TOTAL,,,,,,15390.0,,58282.5,65385.0,-7102.5
2020-07-02,DAILY_TOTAL,,,,,,7230.0,,65512.5,65512.5,0.0
2020-07-03,DAILY_TOTAL,,,,,,8880.0,,74392.5,74392.5,0.0
2020-07-06,DAILY_TOTAL,,,,,,-4747.5,,69645.0,74392.5,-4747.5
2020-07-07,DAILY_TOTAL,,,,,,17047.5,,86692.5,86692.5,0.0
2020-07-08,DAILY_TOTAL,,,,,,-12270.0,,74422.5,86692.5,-12270.0
2020-07-09,DAILY_TOTAL,,,,,,97.5,,74520.0,86692.5,-12172.5
2020-07-10,DAILY_TOTAL,,,,,,9555.0,,84075.0,86692.5,-2617.5
2020-07-13,DAILY_TOTAL,,,,,,-877.5,,83197.5,86692.5,-3495.0
2020-07-14,DAILY_TOTAL,,,,,,-7057.5,,76140.0,86692.5,-10552.5
2020-07-15,DAILY_TOTAL,,,,,,3337.5,,79477.5,86692.5,-7215.0
2020-07-16,DAILY_TOTAL,,,,,,-9195.0,,70282.5,86692.5,-16410.0
2020-07-17,DAILY_TOTAL,,,,,,-7080.0,,63202.5,86692.5,-23490.0
2020-07-20,DAILY_TOTAL,,,,,,7125.0,,70327.5,86692.5,-16365.0
2020-07-21,DAILY_TOTAL,,,,,,6195.0,,76522.5,86692.5,-10170.0
2020-07-22,DAILY_TOTAL,,,,,,12052.5,,88575.0,88575.0,0.0
2020-07-23,DAILY_TOTAL,,,,,,7935.0,,96510.0,96510.0,0.0
2020-07-24,DAILY_TOTAL,,,,,,5655.0,,102165.0,102165.0,0.0
2020-07-27,DAILY_TOTAL,,,,,,4245.0,,106410.0,106410.0,0.0
2020-07-28,DAILY_TOTAL,,,,,,9885.0,,116295.0,116295.0,0.0
2020-07-29,DAILY_TOTAL,,,,,,-14362.5,,101932.5,116295.0,-14362.5
2020-07-30,DAILY_TOTAL,,,,,,-14910.0,,87022.5,116295.0,-29272.5
2020-07-31,DAILY_TOTAL,,,,,,6930.0,,93952.5,116295.0,-22342.5
2020-08-03,DAILY_TOTAL,,,,,,-600.0,,93352.5,116295.0,-22942.5
2020-08-04,DAILY_TOTAL,,,,,,-1995.0,,91357.5,116295.0,-24937.5
2020-08-05,DAILY_TOTAL,,,,,,1042.5,,92400.0,116295.0,-23895.0
2020-08-06,DAILY_TOTAL,,,,,,6960.0,,99360.0,116295.0,-16935.0
2020-08-07,DAILY_TOTAL,,,,,,8985.0,,108345.0,116295.0,-7950.0
2020-08-10,DAILY_TOTAL,,,,,,7807.5,,116152.5,116295.0,-142.5
2020-08-11,DAILY_TOTAL,,,,,,4627.5,,120780.0,120780.0,0.0
2020-08-12,DAILY_TOTAL,,,,,,-4132.5,,116647.5,120780.0,-4132.5
2020-08-13,DAILY_TOTAL,,,,,,1207.5,,117855.0,120780.0,-2925.0
2020-08-14,DAILY_TOTAL,,,,,,-4530.0,,113325.0,120780.0,-7455.0
2020-08-17,DAILY_TOTAL,,,,,,9315.0,,122640.0,122640.0,0.0
2020-08-18,DAILY_TOTAL,,,,,,-2122.5,,120517.5,122640.0,-2122.5
2020-08-19,DAILY_TOTAL,,,,,,3682.5,,124200.0,124200.0,0.0
2020-08-20,DAILY_TOTAL,,,,,,12420.0,,136620.0,136620.0,0.0
2020-08-21,DAILY_TOTAL,,,,,,12007.5,,148627.5,148627.5,0.0
2020-08-24,DAILY_TOTAL,,,,,,-2722.5,,145905.0,148627.5,-2722.5
2020-08-25,DAILY_TOTAL,,,,,,7305.0,,153210.0,153210.0,0.0
2020-08-26,DAILY_TOTAL,,,,,,3945.0,,157155.0,157155.0,0.0
2020-08-27,DAILY_TOTAL,,,,,,10042.5,,167197.5,167197.5,0.0
2020-08-28,DAILY_TOTAL,,,,,,735.0,,167932.5,167932.5,0.0
2020-08-31,DAILY_TOTAL,,,,,,-106507.5,,61425.0,167932.5,-106507.5
2020-09-01,DAILY_TOTAL,,,,,,17955.0,,79380.0,167932.5,-88552.5
2020-09-02,DAILY_TOTAL,,,,,,-9825.0,,69555.0,167932.5,-98377.5
2020-09-03,DAILY_TOTAL,,,,,,5377.5,,74932.5,167932.5,-93000.0
2020-09-04,DAILY_TOTAL,,,,,,-4837.5,,70095.0,167932.5,-97837.5
2020-09-07,DAILY_TOTAL,,,,,,8445.0,,78540.0,167932.5,-89392.5
2020-09-08,DAILY_TOTAL,,,,,,17085.0,,95625.0,167932.5,-72307.5
2020-09-09,DAILY_TOTAL,,,,,,2685.0,,98310.0,167932.5,-69622.5
2020-09-10,DAILY_TOTAL,,,,,,480.0,,98790.0,167932.5,-69142.5
2020-09-11,DAILY_TOTAL,,,,,,9510.0,,108300.0,167932.5,-59632.5
2020-09-14,DAILY_TOTAL,,,,,,-14835.0,,93465.0,167932.5,-74467.5
2020-09-15,DAILY_TOTAL,,,,,,7530.0,,100995.0,167932.5,-66937.5
2020-09-16,DAILY_TOTAL,,,,,,6607.5,,107602.5,167932.5,-60330.0
2020-09-17,DAILY_TOTAL,,,,,,3735.0,,111337.5,167932.5,-56595.0
2020-09-18,DAILY_TOTAL,,,,,,-2437.5,,108900.0,167932.5,-59032.5
2020-09-21,DAILY_TOTAL,,,,,,-47445.0,,61455.0,167932.5,-106477.5
2020-09-22,DAILY_TOTAL,,,,,,12982.5,,74437.5,167932.5,-93495.0
2020-09-23,DAILY_TOTAL,,,,,,-9472.5,,64965.0,167932.5,-102967.5
2020-09-24,DAILY_TOTAL,,,,,,21435.0,,86400.0,167932.5,-81532.5
2020-09-25,DAILY_TOTAL,,,,,,5842.5,,92242.5,167932.5,-75690.0
2020-09-28,DAILY_TOTAL,,,,,,-5212.5,,87030.0,167932.5,-80902.5
2020-09-29,DAILY_TOTAL,,,,,,7927.5,,94957.5,167932.5,-72975.0
2020-09-30,DAILY_TOTAL,,,,,,4740.0,,99697.5,167932.5,-68235.0
2020-10-01,DAILY_TOTAL,,,,,,-990.0,,98707.5,167932.5,-69225.0
2020-10-05,DAILY_TOTAL,,,,,,3787.5,,102495.0,167932.5,-65437.5
2020-10-06,DAILY_TOTAL,,,,,,4792.5,,107287.5,167932.5,-60645.0
2020-10-07,DAILY_TOTAL,,,,,,2707.5,,109995.0,167932.5,-57937.5
2020-10-08,DAILY_TOTAL,,,,,,-5280.0,,104715.0,167932.5,-63217.5
2020-10-09,DAILY_TOTAL,,,,,,5250.0,,109965.0,167932.5,-57967.5
2020-10-12,DAILY_TOTAL,,,,,,2055.0,,112020.0,167932.5,-55912.5
2020-10-13,DAILY_TOTAL,,,,,,13387.5,,125407.5,167932.5,-42525.0
2020-10-14,DAILY_TOTAL,,,,,,8242.5,,133650.0,167932.5,-34282.5
2020-10-15,DAILY_TOTAL,,,,,,-17527.5,,116122.5,167932.5,-51810.0
2020-10-16,DAILY_TOTAL,,,,,,17655.0,,133777.5,167932.5,-34155.0
2020-10-19,DAILY_TOTAL,,,,,,9412.5,,143190.0,167932.5,-24742.5
2020-10-20,DAILY_TOTAL,,,,,,5745.0,,148935.0,167932.5,-18997.5
2020-10-21,DAILY_TOTAL,,,,,,8295.0,,157230.0,167932.5,-10702.5
2020-10-22,DAILY_TOTAL,,,,,,4252.5,,161482.5,167932.5,-6450.0
2020-10-23,DAILY_TOTAL,,,,,,2812.5,,164295.0,167932.5,-3637.5
2020-10-26,DAILY_TOTAL,,,,,,-6780.0,,157515.0,167932.5,-10417.5
2020-10-27,DAILY_TOTAL,,,,,,3967.5,,161482.5,167932.5,-6450.0
2020-10-28,DAILY_TOTAL,,,,,,-7950.0,,153532.5,167932.5,-14400.0
2020-10-29,DAILY_TOTAL,,,,,,8467.5,,162000.0,167932.5,-5932.5
2020-10-30,DAILY_TOTAL,,,,,,21052.5,,183052.5,183052.5,0.0
2020-11-02,DAILY_TOTAL,,,,,,10552.5,,193605.0,193605.0,0.0
2020-11-03,DAILY_TOTAL,,,,,,-3585.0,,190020.0,193605.0,-3585.0
2020-11-04,DAILY_TOTAL,,,,,,31335.0,,221355.0,221355.0,0.0
2020-11-05,DAILY_TOTAL,,,,,,3420.0,,224775.0,224775.0,0.0
2020-11-06,DAILY_TOTAL,,,,,,20557.5,,245332.5,245332.5,0.0
2020-11-09,DAILY_TOTAL,,,,,,-4522.5,,240810.0,245332.5,-4522.5
2020-11-10,DAILY_TOTAL,,,,,,-9345.0,,231465.0,245332.5,-13867.5
2020-11-11,DAILY_TOTAL,,,,,,4995.0,,236460.0,245332.5,-8872.5
2020-11-12,DAILY_TOTAL,,,,,,17212.5,,253672.5,253672.5,0.0
2020-11-13,DAILY_TOTAL,,,,,,825.0,,254497.5,254497.5,0.0
2020-11-17,DAILY_TOTAL,,,,,,22327.5,,276825.0,276825.0,0.0
2020-11-18,DAILY_TOTAL,,,,,,11445.0,,288270.0,288270.0,0.0
2020-11-20,DAILY_TOTAL,,,,,,16597.5,,304867.5,304867.5,0.0
2020-11-23,DAILY_TOTAL,,,,,,2452.5,,307320.0,307320.0,0.0
2020-11-24,DAILY_TOTAL,,,,,,-4462.5,,302857.5,307320.0,-4462.5
2020-11-25,DAILY_TOTAL,,,,,,-34845.0,,268012.5,307320.0,-39307.5
2020-11-26,DAILY_TOTAL,,,,,,2235.0,,270247.5,307320.0,-37072.5
2020-11-27,DAILY_TOTAL,,,,,,10972.5,,281220.0,307320.0,-26100.0
2020-12-01,DAILY_TOTAL,,,,,,-12000.0,,269220.0,307320.0,-38100.0
2020-12-02,DAILY_TOTAL,,,,,,15210.0,,284430.0,307320.0,-22890.0
2020-12-03,DAILY_TOTAL,,,,,,-2812.5,,281617.5,307320.0,-25702.5
2020-12-04,DAILY_TOTAL,,,,,,11002.5,,292620.0,307320.0,-14700.0
2020-12-07,DAILY_TOTAL,,,,,,-4087.5,,288532.5,307320.0,-18787.5
2020-12-08,DAILY_TOTAL,,,,,,7620.0,,296152.5,307320.0,-11167.5
2020-12-09,DAILY_TOTAL,,,,,,-202.5,,295950.0,307320.0,-11370.0
2020-12-10,DAILY_TOTAL,,,,,,9187.5,,305137.5,307320.0,-2182.5
2020-12-11,DAILY_TOTAL,,,,,,-712.5,,304425.0,307320.0,-2895.0
2020-12-14,DAILY_TOTAL,,,,,,7575.0,,312000.0,312000.0,0.0
2020-12-15,DAILY_TOTAL,,,,,,6135.0,,318135.0,318135.0,0.0
2020-12-16,DAILY_TOTAL,,,,,,7350.0,,325485.0,325485.0,0.0
2020-12-17,DAILY_TOTAL,,,,,,10627.5,,336112.5,336112.5,0.0
2020-12-18,DAILY_TOTAL,,,,,,8355.0,,344467.5,344467.5,0.0
2020-12-21,DAILY_TOTAL,,,,,,-100567.5,,243900.0,344467.5,-100567.5
2020-12-22,DAILY_TOTAL,,,,,,34492.5,,278392.5,344467.5,-66075.0
2020-12-23,DAILY_TOTAL,,,,,,10830.0,,289222.5,344467.5,-55245.0
2020-12-24,DAILY_TOTAL,,,,,,7972.5,,297195.0,344467.5,-47272.5
2020-12-28,DAILY_TOTAL,,,,,,2902.5,,300097.5,344467.5,-44370.0
2020-12-29,DAILY_TOTAL,,,,,,-2295.0,,297802.5,344467.5,-46665.0
2020-12-30,DAILY_TOTAL,,,,,,14655.0,,312457.5,344467.5,-32010.0
2020-12-31,DAILY_TOTAL,,,,,,4387.5,,316845.0,344467.5,-27622.5
2021-01-01,DAILY_TOTAL,,,,,,19642.5,,336487.5,344467.5,-7980.0
2021-01-04,DAILY_TOTAL,,,,,,3937.5,,340425.0,344467.5,-4042.5
2021-01-05,DAILY_TOTAL,,,,,,-2272.5,,338152.5,344467.5,-6315.0
2021-01-06,DAILY_TOTAL,,,,,,-11032.5,,327120.0,344467.5,-17347.5
2021-01-07,DAILY_TOTAL,,,,,,-8205.0,,318915.0,344467.5,-25552.5
2021-01-08,DAILY_TOTAL,,,,,,-5640.0,,313275.0,344467.5,-31192.5
2021-01-11,DAILY_TOTAL,,,,,,17010.0,,330285.0,344467.5,-14182.5
2021-01-12,DAILY_TOTAL,,,,,,1282.5,,331567.5,344467.5,-12900.0
2021-01-13,DAILY_TOTAL,,,,,,-4312.5,,327255.0,344467.5,-17212.5
2021-01-14,DAILY_TOTAL,,,,,,9622.5,,336877.5,344467.5,-7590.0
2021-01-15,DAILY_TOTAL,,,,,,-11647.5,,325230.0,344467.5,-19237.5
2021-01-18,DAILY_TOTAL,,,,,,6442.5,,331672.5,344467.5,-12795.0
2021-01-19,DAILY_TOTAL,,,,,,8520.0,,340192.5,344467.5,-4275.0
2021-01-20,DAILY_TOTAL,,,,,,11392.5,,351585.0,351585.0,0.0
2021-01-21,DAILY_TOTAL,,,,,,-13125.0,,338460.0,351585.0,-13125.0
2021-01-22,DAILY_TOTAL,,,,,,-11797.5,,326662.5,351585.0,-24922.5
2021-01-25,DAILY_TOTAL,,,,,,-862.5,,325800.0,351585.0,-25785.0
2021-01-27,DAILY_TOTAL,,,,,,-4095.0,,321705.0,351585.0,-29880.0
2021-01-28,DAILY_TOTAL,,,,,,12270.0,,333975.0,351585.0,-17610.0
2021-01-29,DAILY_TOTAL,,,,,,-22387.5,,311587.5,351585.0,-39997.5
2021-02-01,DAILY_TOTAL,,,,,,-90825.0,,220762.5,351585.0,-130822.5
2021-02-02,DAILY_TOTAL,,,,,,23550.0,,244312.5,351585.0,-107272.5
2021-02-03,DAILY_TOTAL,,,,,,1567.5,,245880.0,351585.0,-105705.0
2021-02-04,DAILY_TOTAL,,,,,,11310.0,,257190.0,351585.0,-94395.0
2021-02-05,DAILY_TOTAL,,,,,,7395.0,,264585.0,351585.0,-87000.0
2021-02-08,DAILY_TOTAL,,,,,,13800.0,,278385.0,351585.0,-73200.0
2021-02-09,DAILY_TOTAL,,,,,,10290.0,,288675.0,351585.0,-62910.0
2021-02-10,DAILY_TOTAL,,,,,,29385.0,,318060.0,351585.0,-33525.0
2021-02-11,DAILY_TOTAL,,,,,,12172.5,,330232.5,351585.0,-21352.5
2021-02-12,DAILY_TOTAL,,,,,,11790.0,,342022.5,351585.0,-9562.5
2021-02-15,DAILY_TOTAL,,,,,,22290.0,,364312.5,364312.5,0.0
2021-02-16,DAILY_TOTAL,,,,,,5992.5,,370305.0,370305.0,0.0
2021-02-17,DAILY_TOTAL,,,,,,10267.5,,380572.5,380572.5,0.0
2021-02-18,DAILY_TOTAL,,,,,,6697.5,,387270.0,387270.0,0.0
2021-02-19,DAILY_TOTAL,,,,,,11047.5,,398317.5,398317.5,0.0
2021-02-22,DAILY_TOTAL,,,,,,-39577.5,,358740.0,398317.5,-39577.5
2021-02-23,DAILY_TOTAL,,,,,,10695.0,,369435.0,398317.5,-28882.5
2021-02-24,DAILY_TOTAL,,,,,,-15712.5,,353722.5,398317.5,-44595.0
2021-02-25,DAILY_TOTAL,,,,,,5197.5,,358920.0,398317.5,-39397.5
2021-02-26,DAILY_TOTAL,,,,,,-52477.5,,306442.5,398317.5,-91875.0
2021-03-01,DAILY_TOTAL,,,,,,41025.0,,347467.5,398317.5,-50850.0
2021-03-02,DAILY_TOTAL,,,,,,49387.5,,396855.0,398317.5,-1462.5
2021-03-03,DAILY_TOTAL,,,,,,-20625.0,,376230.0,398317.5,-22087.5
2021-03-04,DAILY_TOTAL,,,,,,32700.0,,408930.0,408930.0,0.0
2021-03-05,DAILY_TOTAL,,,,,,18960.0,,427890.0,427890.0,0.0
2021-03-08,DAILY_TOTAL,,,,,,28050.0,,455940.0,455940.0,0.0
2021-03-09,DAILY_TOTAL,,,,,,33487.5,,489427.5,489427.5,0.0
2021-03-10,DAILY_TOTAL,,,,,,13230.0,,502657.5,502657.5,0.0
2021-03-12,DAILY_TOTAL,,,,,,-39150.0,,463507.5,502657.5,-39150.0
2021-03-15,DAILY_TOTAL,,,,,,25267.5,,488775.0,502657.5,-13882.5
2021-03-16,DAILY_TOTAL,,,,,,19785.0,,508560.0,508560.0,0.0
2021-03-17,DAILY_TOTAL,,,,,,-3787.5,,504772.5,508560.0,-3787.5
2021-03-18,DAILY_TOTAL,,,,,,-60562.5,,444210.0,508560.0,-64350.0
2021-03-19,DAILY_TOTAL,,,,,,-26242.5,,417967.5,508560.0,-90592.5
2021-03-22,DAILY_TOTAL,,,,,,29595.0,,447562.5,508560.0,-60997.5
2021-03-23,DAILY_TOTAL,,,,,,21307.5,,468870.0,508560.0,-39690.0
2021-03-24,DAILY_TOTAL,,,,,,-7500.0,,461370.0,508560.0,-47190.0
2021-03-25,DAILY_TOTAL,,,,,,18015.0,,479385.0,508560.0,-29175.0
2021-03-26,DAILY_TOTAL,,,,,,5700.0,,485085.0,508560.0,-23475.0
2021-03-30,DAILY_TOTAL,,,,,,-17520.0,,467565.0,508560.0,-40995.0
2021-03-31,DAILY_TOTAL,,,,,,31425.0,,498990.0,508560.0,-9570.0
2021-04-01,DAILY_TOTAL,,,,,,5722.5,,504712.5,508560.0,-3847.5
2021-04-05,DAILY_TOTAL,,,,,,-3090.0,,501622.5,508560.0,-6937.5
2021-04-06,DAILY_TOTAL,,,,,,11550.0,,513172.5,513172.5,0.0
2021-04-07,DAILY_TOTAL,,,,,,24990.0,,538162.5,538162.5,0.0
2021-04-08,DAILY_TOTAL,,,,,,16957.5,,555120.0,555120.0,0.0
2021-04-09,DAILY_TOTAL,,,,,,17805.0,,572925.0,572925.0,0.0
2021-04-12,DAILY_TOTAL,,,,,,1927.5,,574852.5,574852.5,0.0
2021-04-13,DAILY_TOTAL,,,,,,14295.0,,589147.5,589147.5,0.0
2021-04-15,DAILY_TOTAL,,,,,,35775.0,,624922.5,624922.5,0.0
2021-04-16,DAILY_TOTAL,,,,,,18877.5,,643800.0,643800.0,0.0
2021-04-19,DAILY_TOTAL,,,,,,3067.5,,646867.5,646867.5,0.0
2021-04-20,DAILY_TOTAL,,,,,,-21622.5,,625245.0,646867.5,-21622.5
2021-04-22,DAILY_TOTAL,,,,,,-1207.5,,624037.5,646867.5,-22830.0
2021-04-23,DAILY_TOTAL,,,,,,21487.5,,645525.0,646867.5,-1342.5
2021-04-26,DAILY_TOTAL,,,,,,7485.0,,653010.0,653010.0,0.0
2021-04-27,DAILY_TOTAL,,,,,,8017.5,,661027.5,661027.5,0.0
2021-04-28,DAILY_TOTAL,,,,,,157.5,,661185.0,661185.0,0.0
2021-04-29,DAILY_TOTAL,,,,,,-4162.5,,657022.5,661185.0,-4162.5
2021-04-30,DAILY_TOTAL,,,,,,27240.0,,684262.5,684262.5,0.0
2021-05-03,DAILY_TOTAL,,,,,,-5925.0,,678337.5,684262.5,-5925.0
2021-05-04,DAILY_TOTAL,,,,,,-3390.0,,674947.5,684262.5,-9315.0
2021-05-05,DAILY_TOTAL,,,,,,675.0,,675622.5,684262.5,-8640.0
2021-05-07,DAILY_TOTAL,,,,,,11580.0,,687202.5,687202.5,0.0
2021-05-10,DAILY_TOTAL,,,,,,14767.5,,701970.0,701970.0,0.0
2021-05-11,DAILY_TOTAL,,,,,,5482.5,,707452.5,707452.5,0.0
2021-05-12,DAILY_TOTAL,,,,,,-1837.5,,705615.0,707452.5,-1837.5
2021-05-14,DAILY_TOTAL,,,,,,14025.0,,719640.0,719640.0,0.0
2021-05-17,DAILY_TOTAL,,,,,,-6727.5,,712912.5,719640.0,-6727.5
2021-05-18,DAILY_TOTAL,,,,,,2302.5,,715215.0,719640.0,-4425.0
2021-05-19,DAILY_TOTAL,,,,,,17940.0,,733155.0,733155.0,0.0
2021-05-20,DAILY_TOTAL,,,,,,-4432.5,,728722.5,733155.0,-4432.5
2021-05-21,DAILY_TOTAL,,,,,,-11025.0,,717697.5,733155.0,-15457.5
2021-05-24,DAILY_TOTAL,,,,,,3187.5,,720885.0,733155.0,-12270.0
2021-05-25,DAILY_TOTAL,,,,,,11445.0,,732330.0,733155.0,-825.0
2021-05-26,DAILY_TOTAL,,,,,,-12142.5,,720187.5,733155.0,-12967.5
2021-05-27,DAILY_TOTAL,,,,,,10897.5,,731085.0,733155.0,-2070.0
2021-05-28,DAILY_TOTAL,,,,,,21330.0,,752415.0,752415.0,0.0
2021-05-31,DAILY_TOTAL,,,,,,-6967.5,,745447.5,752415.0,-6967.5
2021-06-01,DAILY_TOTAL,,,,,,11385.0,,756832.5,756832.5,0.0
2021-06-02,DAILY_TOTAL,,,,,,20595.0,,777427.5,777427.5,0.0
2021-06-03,DAILY_TOTAL,,,,,,3795.0,,781222.5,781222.5,0.0
2021-06-04,DAILY_TOTAL,,,,,,10747.5,,791970.0,791970.0,0.0
2021-06-07,DAILY_TOTAL,,,,,,6247.5,,798217.5,798217.5,0.0
2021-06-08,DAILY_TOTAL,,,,,,7020.0,,805237.5,805237.5,0.0
2021-06-09,DAILY_TOTAL,,,,,,-7942.5,,797295.0,805237.5,-7942.5
2021-06-10,DAILY_TOTAL,,,,,,2212.5,,799507.5,805237.5,-5730.0
2021-06-11,DAILY_TOTAL,,,,,,16590.0,,816097.5,816097.5,0.0
2021-06-14,DAILY_TOTAL,,,,,,8550.0,,824647.5,824647.5,0.0
2021-06-15,DAILY_TOTAL,,,,,,10882.5,,835530.0,835530.0,0.0
2021-06-16,DAILY_TOTAL,,,,,,-2467.5,,833062.5,835530.0,-2467.5
2021-06-17,DAILY_TOTAL,,,,,,7695.0,,840757.5,840757.5,0.0
2021-06-18,DAILY_TOTAL,,,,,,11310.0,,852067.5,852067.5,0.0
2021-06-21,DAILY_TOTAL,,,,,,-18045.0,,834022.5,852067.5,-18045.0
2021-06-22,DAILY_TOTAL,,,,,,-9045.0,,824977.5,852067.5,-27090.0
2021-06-23,DAILY_TOTAL,,,,,,-3000.0,,821977.5,852067.5,-30090.0
2021-06-24,DAILY_TOTAL,,,,,,7792.5,,829770.0,852067.5,-22297.5
2021-06-25,DAILY_TOTAL,,,,,,18810.0,,848580.0,852067.5,-3487.5
2021-06-28,DAILY_TOTAL,,,,,,-2347.5,,846232.5,852067.5,-5835.0
2021-06-29,DAILY_TOTAL,,,,,,8227.5,,854460.0,854460.0,0.0
2021-06-30,DAILY_TOTAL,,,,,,1410.0,,855870.0,855870.0,0.0
2021-07-01,DAILY_TOTAL,,,,,,8407.5,,864277.5,864277.5,0.0
2021-07-02,DAILY_TOTAL,,,,,,10732.5,,875010.0,875010.0,0.0
2021-07-05,DAILY_TOTAL,,,,,,14302.5,,889312.5,889312.5,0.0
2021-07-06,DAILY_TOTAL,,,,,,1560.0,,890872.5,890872.5,0.0
2021-07-07,DAILY_TOTAL,,,,,,-1852.5,,889020.0,890872.5,-1852.5
2021-07-08,DAILY_TOTAL,,,,,,-8010.0,,881010.0,890872.5,-9862.5
2021-07-09,DAILY_TOTAL,,,,,,11497.5,,892507.5,892507.5,0.0
2021-07-12,DAILY_TOTAL,,,,,,4447.5,,896955.0,896955.0,0.0
2021-07-13,DAILY_TOTAL,,,,,,4155.0,,901110.0,901110.0,0.0
2021-07-14,DAILY_TOTAL,,,,,,5107.5,,906217.5,906217.5,0.0
2021-07-15,DAILY_TOTAL,,,,,,9540.0,,915757.5,915757.5,0.0
2021-07-16,DAILY_TOTAL,,,,,,7957.5,,923715.0,923715.0,0.0
2021-07-19,DAILY_TOTAL,,,,,,6000.0,,929715.0,929715.0,0.0
2021-07-20,DAILY_TOTAL,,,,,,-1582.5,,928132.5,929715.0,-1582.5
2021-07-22,DAILY_TOTAL,,,,,,4972.5,,933105.0,933105.0,0.0
2021-07-23,DAILY_TOTAL,,,,,,2160.0,,935265.0,935265.0,0.0
2021-07-26,DAILY_TOTAL,,,,,,8722.5,,943987.5,943987.5,0.0
2021-07-27,DAILY_TOTAL,,,,,,-15802.5,,928185.0,943987.5,-15802.5
2021-07-28,DAILY_TOTAL,,,,,,5820.0,,934005.0,943987.5,-9982.5
2021-07-29,DAILY_TOTAL,,,,,,9817.5,,943822.5,943987.5,-165.0
2021-07-30,DAILY_TOTAL,,,,,,12052.5,,955875.0,955875.0,0.0
2021-08-02,DAILY_TOTAL,,,,,,1620.0,,957495.0,957495.0,0.0
2021-08-03,DAILY_TOTAL,,,,,,-22087.5,,935407.5,957495.0,-22087.5
2021-08-04,DAILY_TOTAL,,,,,,13192.5,,948600.0,957495.0,-8895.0
2021-08-05,DAILY_TOTAL,,,,,,6937.5,,955537.5,957495.0,-1957.5
2021-08-06,DAILY_TOTAL,,,,,,14872.5,,970410.0,970410.0,0.0
2021-08-09,DAILY_TOTAL,,,,,,9052.5,,979462.5,979462.5,0.0
2021-08-10,DAILY_TOTAL,,,,,,7492.5,,986955.0,986955.0,0.0
2021-08-11,DAILY_TOTAL,,,,,,5835.0,,992790.0,992790.0,0.0
2021-08-12,DAILY_TOTAL,,,,,,172.5,,992962.5,992962.5,0.0
2021-08-13,DAILY_TOTAL,,,,,,1080.0,,994042.5,994042.5,0.0
2021-08-16,DAILY_TOTAL,,,,,,4185.0,,998227.5,998227.5,0.0
2021-08-17,DAILY_TOTAL,,,,,,9495.0,,1007722.5,1007722.5,0.0
2021-08-18,DAILY_TOTAL,,,,,,-1822.5,,1005900.0,1007722.5,-1822.5
2021-08-20,DAILY_TOTAL,,,,,,-10597.5,,995302.5,1007722.5,-12420.0
2021-08-23,DAILY_TOTAL,,,,,,-9367.5,,985935.0,1007722.5,-21787.5
2021-08-24,DAILY_TOTAL,,,,,,10140.0,,996075.0,1007722.5,-11647.5
2021-08-25,DAILY_TOTAL,,,,,,5745.0,,1001820.0,1007722.5,-5902.5
2021-08-26,DAILY_TOTAL,,,,,,11715.0,,1013535.0,1013535.0,0.0
2021-08-27,DAILY_TOTAL,,,,,,3810.0,,1017345.0,1017345.0,0.0
2021-08-30,DAILY_TOTAL,,,,,,-277.5,,1017067.5,1017345.0,-277.5
2021-08-31,DAILY_TOTAL,,,,,,-17587.5,,999480.0,1017345.0,-17865.0
2021-09-01,DAILY_TOTAL,,,,,,2017.5,,1001497.5,1017345.0,-15847.5
2021-09-02,DAILY_TOTAL,,,,,,-6135.0,,995362.5,1017345.0,-21982.5
2021-09-03,DAILY_TOTAL,,,,,,-1110.0,,994252.5,1017345.0,-23092.5
2021-09-06,DAILY_TOTAL,,,,,,4477.5,,998730.0,1017345.0,-18615.0
2021-09-07,DAILY_TOTAL,,,,,,15847.5,,1014577.5,1017345.0,-2767.5
2021-09-08,DAILY_TOTAL,,,,,,12367.5,,1026945.0,1026945.0,0.0
2021-09-09,DAILY_TOTAL,,,,,,9847.5,,1036792.5,1036792.5,0.0
2021-09-13,DAILY_TOTAL,,,,,,17070.0,,1053862.5,1053862.5,0.0
2021-09-14,DAILY_TOTAL,,,,,,11640.0,,1065502.5,1065502.5,0.0
2021-09-15,DAILY_TOTAL,,,,,,1807.5,,1067310.0,1067310.0,0.0
2021-09-16,DAILY_TOTAL,,,,,,-2002.5,,1065307.5,1067310.0,-2002.5
2021-09-17,DAILY_TOTAL,,,,,,-5497.5,,1059810.0,1067310.0,-7500.0
2021-09-20,DAILY_TOTAL,,,,,,6082.5,,1065892.5,1067310.0,-1417.5
2021-09-21,DAILY_TOTAL,,,,,,7177.5,,1073070.0,1073070.0,0.0
2021-09-22,DAILY_TOTAL,,,,,,5932.5,,1079002.5,1079002.5,0.0
2021-09-23,DAILY_TOTAL,,,,,,-6690.0,,1072312.5,1079002.5,-6690.0
2021-09-24,DAILY_TOTAL,,,,,,6547.5,,1078860.0,1079002.5,-142.5
2021-09-27,DAILY_TOTAL,,,,,,8415.0,,1087275.0,1087275.0,0.0
2021-09-28,DAILY_TOTAL,,,,,,-345.0,,1086930.0,1087275.0,-345.0
2021-09-29,DAILY_TOTAL,,,,,,3787.5,,1090717.5,1090717.5,0.0
2021-09-30,DAILY_TOTAL,,,,,,12090.0,,1102807.5,1102807.5,0.0
2021-10-01,DAILY_TOTAL,,,,,,14505.0,,1117312.5,1117312.5,0.0
2021-10-04,DAILY_TOTAL,,,,,,19260.0,,1136572.5,1136572.5,0.0
2021-10-05,DAILY_TOTAL,,,,,,63787.5,,1200360.0,1200360.0,0.0
2021-10-06,DAILY_TOTAL,,,,,,-21960.0,,1178400.0,1200360.0,-21960.0
2021-10-07,DAILY_TOTAL,,,,,,15645.0,,1194045.0,1200360.0,-6315.0
2021-10-08,DAILY_TOTAL,,,,,,14407.5,,1208452.5,1208452.5,0.0
2021-10-11,DAILY_TOTAL,,,,,,945.0,,1209397.5,1209397.5,0.0
2021-10-12,DAILY_TOTAL,,,,,,2685.0,,1212082.5,1212082.5,0.0
2021-10-13,DAILY_TOTAL,,,,,,13027.5,,1225110.0,1225110.0,0.0
2021-10-14,DAILY_TOTAL,,,,,,14767.5,,1239877.5,1239877.5,0.0
2021-10-18,DAILY_TOTAL,,,,,,7230.0,,1247107.5,1247107.5,0.0
2021-10-19,DAILY_TOTAL,,,,,,-6960.0,,1240147.5,1247107.5,-6960.0
2021-10-20,DAILY_TOTAL,,,,,,18525.0,,1258672.5,1258672.5,0.0
2021-10-21,DAILY_TOTAL,,,,,,-10845.0,,1247827.5,1258672.5,-10845.0
2021-10-22,DAILY_TOTAL,,,,,,3270.0,,1251097.5,1258672.5,-7575.0
2021-10-25,DAILY_TOTAL,,,,,,14812.5,,1265910.0,1265910.0,0.0
2021-10-26,DAILY_TOTAL,,,,,,10155.0,,1276065.0,1276065.0,0.0
2021-10-27,DAILY_TOTAL,,,,,,14145.0,,1290210.0,1290210.0,0.0
2021-10-28,DAILY_TOTAL,,,,,,-52290.0,,1237920.0,1290210.0,-52290.0
2021-10-29,DAILY_TOTAL,,,,,,33075.0,,1270995.0,1290210.0,-19215.0
2021-11-01,DAILY_TOTAL,,,,,,682.5,,1271677.5,1290210.0,-18532.5
2021-11-02,DAILY_TOTAL,,,,,,11565.0,,1283242.5,1290210.0,-6967.5
2021-11-03,DAILY_TOTAL,,,,,,9202.5,,1292445.0,1292445.0,0.0
2021-11-08,DAILY_TOTAL,,,,,,-20347.5,,1272097.5,1292445.0,-20347.5
2021-11-09,DAILY_TOTAL,,,,,,11790.0,,1283887.5,1292445.0,-8557.5
2021-11-10,DAILY_TOTAL,,,,,,11932.5,,1295820.0,1295820.0,0.0
2021-11-11,DAILY_TOTAL,,,,,,9127.5,,1304947.5,1304947.5,0.0
2021-11-12,DAILY_TOTAL,,,,,,-7215.0,,1297732.5,1304947.5,-7215.0
2021-11-15,DAILY_TOTAL,,,,,,-5647.5,,1292085.0,1304947.5,-12862.5
2021-11-16,DAILY_TOTAL,,,,,,9127.5,,1301212.5,1304947.5,-3735.0
2021-11-17,DAILY_TOTAL,,,,,,10155.0,,1311367.5,1311367.5,0.0
2021-11-18,DAILY_TOTAL,,,,,,-450.0,,1310917.5,1311367.5,-450.0
2021-11-22,DAILY_TOTAL,,,,,,-8670.0,,1302247.5,1311367.5,-9120.0
2021-11-23,DAILY_TOTAL,,,,,,1140.0,,1303387.5,1311367.5,-7980.0
2021-11-24,DAILY_TOTAL,,,,,,-142.5,,1303245.0,1311367.5,-8122.5
2021-11-25,DAILY_TOTAL,,,,,,9210.0,,1312455.0,1312455.0,0.0
2021-11-26,DAILY_TOTAL,,,,,,-29977.5,,1282477.5,1312455.0,-29977.5
2021-11-29,DAILY_TOTAL,,,,,,23302.5,,1305780.0,1312455.0,-6675.0
2021-11-30,DAILY_TOTAL,,,,,,3322.5,,1309102.5,1312455.0,-3352.5
2021-12-01,DAILY_TOTAL,,,,,,25440.0,,1334542.5,1334542.5,0.0
2021-12-02,DAILY_TOTAL,,,,,,6262.5,,1340805.0,1340805.0,0.0
2021-12-03,DAILY_TOTAL,,,,,,-21945.0,,1318860.0,1340805.0,-21945.0
2021-12-06,DAILY_TOTAL,,,,,,-15105.0,,1303755.0,1340805.0,-37050.0
2021-12-07,DAILY_TOTAL,,,,,,-2805.0,,1300950.0,1340805.0,-39855.0
2021-12-08,DAILY_TOTAL,,,,,,1207.5,,1302157.5,1340805.0,-38647.5
2021-12-09,DAILY_TOTAL,,,,,,11032.5,,1313190.0,1340805.0,-27615.0
2021-12-10,DAILY_TOTAL,,,,,,19672.5,,1332862.5,1340805.0,-7942.5
2021-12-13,DAILY_TOTAL,,,,,,-36660.0,,1296202.5,1340805.0,-44602.5
2021-12-14,DAILY_TOTAL,,,,,,11520.0,,1307722.5,1340805.0,-33082.5
2021-12-15,DAILY_TOTAL,,,,,,7462.5,,1315185.0,1340805.0,-25620.0
2021-12-16,DAILY_TOTAL,,,,,,5655.0,,1320840.0,1340805.0,-19965.0
2021-12-17,DAILY_TOTAL,,,,,,-11422.5,,1309417.5,1340805.0,-31387.5
2021-12-20,DAILY_TOTAL,,,,,,13147.5,,1322565.0,1340805.0,-18240.0
2021-12-21,DAILY_TOTAL,,,,,,19117.5,,1341682.5,1341682.5,0.0
2021-12-22,DAILY_TOTAL,,,,,,19515.0,,1361197.5,1361197.5,0.0
2021-12-23,DAILY_TOTAL,,,,,,18165.0,,1379362.5,1379362.5,0.0
2021-12-24,DAILY_TOTAL,,,,,,7710.0,,1387072.5,1387072.5,0.0
2021-12-27,DAILY_TOTAL,,,,,,-20812.5,,1366260.0,1387072.5,-20812.5
2021-12-28,DAILY_TOTAL,,,,,,9202.5,,1375462.5,1387072.5,-11610.0
2021-12-29,DAILY_TOTAL,,,,,,19770.0,,1395232.5,1395232.5,0.0
2021-12-30,DAILY_TOTAL,,,,,,20962.5,,1416195.0,1416195.0,0.0
2021-12-31,DAILY_TOTAL,,,,,,13192.5,,1429387.5,1429387.5,0.0
2022-01-03,DAILY_TOTAL,,,,,,-16515.0,,1412872.5,1429387.5,-16515.0
2022-01-04,DAILY_TOTAL,,,,,,2220.0,,1415092.5,1429387.5,-14295.0
2022-01-05,DAILY_TOTAL,,,,,,6487.5,,1421580.0,1429387.5,-7807.5
2022-01-06,DAILY_TOTAL,,,,,,16492.5,,1438072.5,1438072.5,0.0
2022-01-07,DAILY_TOTAL,,,,,,8865.0,,1446937.5,1446937.5,0.0
2022-01-10,DAILY_TOTAL,,,,,,1222.5,,1448160.0,1448160.0,0.0
2022-01-11,DAILY_TOTAL,,,,,,13755.0,,1461915.0,1461915.0,0.0
2022-01-12,DAILY_TOTAL,,,,,,20047.5,,1481962.5,1481962.5,0.0
2022-01-13,DAILY_TOTAL,,,,,,16485.0,,1498447.5,1498447.5,0.0
2022-01-14,DAILY_TOTAL,,,,,,7927.5,,1506375.0,1506375.0,0.0
2022-01-17,DAILY_TOTAL,,,,,,17790.0,,1524165.0,1524165.0,0.0
2022-01-18,DAILY_TOTAL,,,,,,-36007.5,,1488157.5,1524165.0,-36007.5
2022-01-19,DAILY_TOTAL,,,,,,32040.0,,1520197.5,1524165.0,-3967.5
2022-01-20,DAILY_TOTAL,,,,,,1627.5,,1521825.0,1524165.0,-2340.0
2022-01-21,DAILY_TOTAL,,,,,,-17527.5,,1504297.5,1524165.0,-19867.5
2022-01-24,DAILY_TOTAL,,,,,,-60637.5,,1443660.0,1524165.0,-80505.0
2022-01-25,DAILY_TOTAL,,,,,,-24555.0,,1419105.0,1524165.0,-105060.0
2022-01-27,DAILY_TOTAL,,,,,,14212.5,,1433317.5,1524165.0,-90847.5
2022-01-28,DAILY_TOTAL,,,,,,14272.5,,1447590.0,1524165.0,-76575.0
2022-01-31,DAILY_TOTAL,,,,,,-19492.5,,1428097.5,1524165.0,-96067.5
2022-02-01,DAILY_TOTAL,,,,,,64260.0,,1492357.5,1524165.0,-31807.5
2022-02-02,DAILY_TOTAL,,,,,,21060.0,,1513417.5,1524165.0,-10747.5
2022-02-03,DAILY_TOTAL,,,,,,-10462.5,,1502955.0,1524165.0,-21210.0
2022-02-04,DAILY_TOTAL,,,,,,35820.0,,1538775.0,1538775.0,0.0
2022-02-07,DAILY_TOTAL,,,,,,-27705.0,,1511070.0,1538775.0,-27705.0
2022-02-08,DAILY_TOTAL,,,,,,43695.0,,1554765.0,1554765.0,0.0
2022-02-09,DAILY_TOTAL,,,,,,5827.5,,1560592.5,1560592.5,0.0
2022-02-10,DAILY_TOTAL,,,,,,1545.0,,1562137.5,1562137.5,0.0
2022-02-11,DAILY_TOTAL,,,,,,-4035.0,,1558102.5,1562137.5,-4035.0
2022-02-14,DAILY_TOTAL,,,,,,-6907.5,,1551195.0,1562137.5,-10942.5
2022-02-15,DAILY_TOTAL,,,,,,-44812.5,,1506382.5,1562137.5,-55755.0
2022-02-16,DAILY_TOTAL,,,,,,17542.5,,1523925.0,1562137.5,-38212.5
2022-02-17,DAILY_TOTAL,,,,,,10732.5,,1534657.5,1562137.5,-27480.0
2022-02-18,DAILY_TOTAL,,,,,,22417.5,,1557075.0,1562137.5,-5062.5
2022-02-21,DAILY_TOTAL,,,,,,45847.5,,1602922.5,1602922.5,0.0
2022-02-22,DAILY_TOTAL,,,,,,25440.0,,1628362.5,1628362.5,0.0
2022-02-23,DAILY_TOTAL,,,,,,31372.5,,1659735.0,1659735.0,0.0
2022-02-24,DAILY_TOTAL,,,,,,-86490.0,,1573245.0,1659735.0,-86490.0
2022-02-25,DAILY_TOTAL,,,,,,23325.0,,1596570.0,1659735.0,-63165.0
2022-02-28,DAILY_TOTAL,,,,,,-38805.0,,1557765.0,1659735.0,-101970.0
2022-03-02,DAILY_TOTAL,,,,,,40042.5,,1597807.5,1659735.0,-61927.5
2022-03-03,DAILY_TOTAL,,,,,,27255.0,,1625062.5,1659735.0,-34672.5
2022-03-04,DAILY_TOTAL,,,,,,24690.0,,1649752.5,1659735.0,-9982.5
2022-03-07,DAILY_TOTAL,,,,,,-4672.5,,1645080.0,1659735.0,-14655.0
2022-03-08,DAILY_TOTAL,,,,,,24547.5,,1669627.5,1669627.5,0.0
2022-03-09,DAILY_TOTAL,,,,,,-16147.5,,1653480.0,1669627.5,-16147.5
2022-03-10,DAILY_TOTAL,,,,,,27855.0,,1681335.0,1681335.0,0.0
2022-03-11,DAILY_TOTAL,,,,,,28852.5,,1710187.5,1710187.5,0.0
2022-03-14,DAILY_TOTAL,,,,,,-9277.5,,1700910.0,1710187.5,-9277.5
2022-03-15,DAILY_TOTAL,,,,,,-10350.0,,1690560.0,1710187.5,-19627.5
2022-03-16,DAILY_TOTAL,,,,,,6892.5,,1697452.5,1710187.5,-12735.0
2022-03-17,DAILY_TOTAL,,,,,,11940.0,,1709392.5,1710187.5,-795.0
2022-03-21,DAILY_TOTAL,,,,,,27652.5,,1737045.0,1737045.0,0.0
2022-03-22,DAILY_TOTAL,,,,,,7455.0,,1744500.0,1744500.0,0.0
2022-03-23,DAILY_TOTAL,,,,,,2017.5,,1746517.5,1746517.5,0.0
2022-03-24,DAILY_TOTAL,,,,,,29602.5,,1776120.0,1776120.0,0.0
2022-03-25,DAILY_TOTAL,,,,,,18757.5,,1794877.5,1794877.5,0.0
2022-03-28,DAILY_TOTAL,,,,,,27172.5,,1822050.0,1822050.0,0.0
2022-03-29,DAILY_TOTAL,,,,,,17790.0,,1839840.0,1839840.0,0.0
2022-03-30,DAILY_TOTAL,,,,,,-5085.0,,1834755.0,1839840.0,-5085.0
2022-03-31,DAILY_TOTAL,,,,,,13950.0,,1848705.0,1848705.0,0.0
2022-04-01,DAILY_TOTAL,,,,,,9090.0,,1857795.0,1857795.0,0.0
2022-04-04,DAILY_TOTAL,,,,,,-21067.5,,1836727.5,1857795.0,-21067.5
2022-04-05,DAILY_TOTAL,,,,,,7147.5,,1843875.0,1857795.0,-13920.0
2022-04-06,DAILY_TOTAL,,,,,,-6682.5,,1837192.5,1857795.0,-20602.5
2022-04-07,DAILY_TOTAL,,,,,,6787.5,,1843980.0,1857795.0,-13815.0
2022-04-08,DAILY_TOTAL,,,,,,8415.0,,1852395.0,1857795.0,-5400.0
2022-04-11,DAILY_TOTAL,,,,,,28777.5,,1881172.5,1881172.5,0.0
2022-04-12,DAILY_TOTAL,,,,,,1335.0,,1882507.5,1882507.5,0.0
2022-04-13,DAILY_TOTAL,,,,,,-4860.0,,1877647.5,1882507.5,-4860.0
2022-04-18,DAILY_TOTAL,,,,,,11760.0,,1889407.5,1889407.5,0.0
2022-04-19,DAILY_TOTAL,,,,,,-44392.5,,1845015.0,1889407.5,-44392.5
2022-04-20,DAILY_TOTAL,,,,,,13402.5,,1858417.5,1889407.5,-30990.0
2022-04-21,DAILY_TOTAL,,,,,,-3030.0,,1855387.5,1889407.5,-34020.0
2022-04-22,DAILY_TOTAL,,,,,,70267.5,,1925655.0,1925655.0,0.0
2022-04-25,DAILY_TOTAL,,,,,,-2895.0,,1922760.0,1925655.0,-2895.0
2022-04-26,DAILY_TOTAL,,,,,,25710.0,,1948470.0,1948470.0,0.0
2022-04-27,DAILY_TOTAL,,,,,,8295.0,,1956765.0,1956765.0,0.0
2022-04-28,DAILY_TOTAL,,,,,,-1185.0,,1955580.0,1956765.0,-1185.0
2022-04-29,DAILY_TOTAL,,,,,,-23947.5,,1931632.5,1956765.0,-25132.5
2022-05-02,DAILY_TOTAL,,,,,,-2445.0,,1929187.5,1956765.0,-27577.5
2022-05-04,DAILY_TOTAL,,,,,,-58740.0,,1870447.5,1956765.0,-86317.5
2022-05-05,DAILY_TOTAL,,,,,,2227.5,,1872675.0,1956765.0,-84090.0
2022-05-06,DAILY_TOTAL,,,,,,2730.0,,1875405.0,1956765.0,-81360.0
2022-05-09,DAILY_TOTAL,,,,,,11212.5,,1886617.5,1956765.0,-70147.5
2022-05-10,DAILY_TOTAL,,,,,,12630.0,,1899247.5,1956765.0,-57517.5
2022-05-11,DAILY_TOTAL,,,,,,17730.0,,1916977.5,1956765.0,-39787.5
2022-05-12,DAILY_TOTAL,,,,,,9645.0,,1926622.5,1956765.0,-30142.5
2022-05-13,DAILY_TOTAL,,,,,,-2175.0,,1924447.5,1956765.0,-32317.5
2022-05-16,DAILY_TOTAL,,,,,,14790.0,,1939237.5,1956765.0,-17527.5
2022-05-17,DAILY_TOTAL,,,,,,-32077.5,,1907160.0,1956765.0,-49605.0
2022-05-18,DAILY_TOTAL,,,,,,18337.5,,1925497.5,1956765.0,-31267.5
2022-05-19,DAILY_TOTAL,,,,,,13897.5,,1939395.0,1956765.0,-17370.0
2022-05-20,DAILY_TOTAL,,,,,,-16492.5,,1922902.5,1956765.0,-33862.5
2022-05-23,DAILY_TOTAL,,,,,,9060.0,,1931962.5,1956765.0,-24802.5
2022-05-24,DAILY_TOTAL,,,,,,10020.0,,1941982.5,1956765.0,-14782.5
2022-05-25,DAILY_TOTAL,,,,,,10395.0,,1952377.5,1956765.0,-4387.5
2022-05-26,DAILY_TOTAL,,,,,,20272.5,,1972650.0,1972650.0,0.0
2022-05-27,DAILY_TOTAL,,,,,,13890.0,,1986540.0,1986540.0,0.0
2022-05-30,DAILY_TOTAL,,,,,,2932.5,,1989472.5,1989472.5,0.0
2022-05-31,DAILY_TOTAL,,,,,,10860.0,,2000332.5,2000332.5,0.0
2022-06-01,DAILY_TOTAL,,,,,,12540.0,,2012872.5,2012872.5,0.0
2022-06-02,DAILY_TOTAL,,,,,,-3637.5,,2009235.0,2012872.5,-3637.5
2022-06-03,DAILY_TOTAL,,,,,,-5265.0,,2003970.0,2012872.5,-8902.5
2022-06-06,DAILY_TOTAL,,,,,,15637.5,,2019607.5,2019607.5,0.0
2022-06-07,DAILY_TOTAL,,,,,,10432.5,,2030040.0,2030040.0,0.0
2022-06-08,DAILY_TOTAL,,,,,,22095.0,,2052135.0,2052135.0,0.0
2022-06-09,DAILY_TOTAL,,,,,,-3187.5,,2048947.5,2052135.0,-3187.5
2022-06-10,DAILY_TOTAL,,,,,,-3795.0,,2045152.5,2052135.0,-6982.5
2022-06-13,DAILY_TOTAL,,,,,,-8422.5,,2036730.0,2052135.0,-15405.0
2022-06-14,DAILY_TOTAL,,,,,,14925.0,,2051655.0,2052135.0,-480.0
2022-06-15,DAILY_TOTAL,,,,,,2692.5,,2054347.5,2054347.5,0.0
2022-06-16,DAILY_TOTAL,,,,,,-123607.5,,1930740.0,2054347.5,-123607.5
2022-06-17,DAILY_TOTAL,,,,,,10987.5,,1941727.5,2054347.5,-112620.0
2022-06-20,DAILY_TOTAL,,,,,,27457.5,,1969185.0,2054347.5,-85162.5
2022-06-21,DAILY_TOTAL,,,,,,9127.5,,1978312.5,2054347.5,-76035.0
2022-06-22,DAILY_TOTAL,,,,,,-307.5,,1978005.0,2054347.5,-76342.5
2022-06-23,DAILY_TOTAL,,,,,,19477.5,,1997482.5,2054347.5,-56865.0
2022-06-24,DAILY_TOTAL,,,,,,8527.5,,2006010.0,2054347.5,-48337.5
2022-06-27,DAILY_TOTAL,,,,,,142.5,,2006152.5,2054347.5,-48195.0
2022-06-28,DAILY_TOTAL,,,,,,8407.5,,2014560.0,2054347.5,-39787.5
2022-06-29,DAILY_TOTAL,,,,,,2865.0,,2017425.0,2054347.5,-36922.5
2022-06-30,DAILY_TOTAL,,,,,,17467.5,,2034892.5,2054347.5,-19455.0
2022-07-01,DAILY_TOTAL,,,,,,7807.5,,2042700.0,2054347.5,-11647.5
2022-07-04,DAILY_TOTAL,,,,,,7470.0,,2050170.0,2054347.5,-4177.5
2022-07-05,DAILY_TOTAL,,,,,,-1890.0,,2048280.0,2054347.5,-6067.5
2022-07-06,DAILY_TOTAL,,,,,,-7140.0,,2041140.0,2054347.5,-13207.5
2022-07-07,DAILY_TOTAL,,,,,,20145.0,,2061285.0,2061285.0,0.0
2022-07-08,DAILY_TOTAL,,,,,,17475.0,,2078760.0,2078760.0,0.0
2022-07-11,DAILY_TOTAL,,,,,,8850.0,,2087610.0,2087610.0,0.0
2022-07-12,DAILY_TOTAL,,,,,,1185.0,,2088795.0,2088795.0,0.0
2022-07-13,DAILY_TOTAL,,,,,,-5445.0,,2083350.0,2088795.0,-5445.0
2022-07-14,DAILY_TOTAL,,,,,,6577.5,,2089927.5,2089927.5,0.0
2022-07-15,DAILY_TOTAL,,,,,,12420.0,,2102347.5,2102347.5,0.0
2022-07-18,DAILY_TOTAL,,,,,,-5542.5,,2096805.0,2102347.5,-5542.5
2022-07-19,DAILY_TOTAL,,,,,,3712.5,,2100517.5,2102347.5,-1830.0
2022-07-20,DAILY_TOTAL,,,,,,900.0,,2101417.5,2102347.5,-930.0
2022-07-21,DAILY_TOTAL,,,,,,4627.5,,2106045.0,2106045.0,0.0
2022-07-22,DAILY_TOTAL,,,,,,540.0,,2106585.0,2106585.0,0.0
2022-07-25,DAILY_TOTAL,,,,,,16980.0,,2123565.0,2123565.0,0.0
2022-07-26,DAILY_TOTAL,,,,,,9705.0,,2133270.0,2133270.0,0.0
2022-07-27,DAILY_TOTAL,,,,,,-9270.0,,2124000.0,2133270.0,-9270.0
2022-07-28,DAILY_TOTAL,,,,,,-4087.5,,2119912.5,2133270.0,-13357.5
2022-07-29,DAILY_TOTAL,,,,,,1485.0,,2121397.5,2133270.0,-11872.5
2022-08-01,DAILY_TOTAL,,,,,,-16957.5,,2104440.0,2133270.0,-28830.0
2022-08-02,DAILY_TOTAL,,,,,,10867.5,,2115307.5,2133270.0,-17962.5
2022-08-03,DAILY_TOTAL,,,,,,16605.0,,2131912.5,2133270.0,-1357.5
2022-08-04,DAILY_TOTAL,,,,,,8175.0,,2140087.5,2140087.5,0.0
2022-08-05,DAILY_TOTAL,,,,,,29092.5,,2169180.0,2169180.0,0.0
2022-08-08,DAILY_TOTAL,,,,,,5917.5,,2175097.5,2175097.5,0.0
2022-08-10,DAILY_TOTAL,,,,,,15607.5,,2190705.0,2190705.0,0.0
2022-08-11,DAILY_TOTAL,,,,,,6690.0,,2197395.0,2197395.0,0.0
2022-08-12,DAILY_TOTAL,,,,,,15330.0,,2212725.0,2212725.0,0.0
2022-08-16,DAILY_TOTAL,,,,,,10297.5,,2223022.5,2223022.5,0.0
2022-08-17,DAILY_TOTAL,,,,,,285.0,,2223307.5,2223307.5,0.0
2022-08-18,DAILY_TOTAL,,,,,,10492.5,,2233800.0,2233800.0,0.0
2022-08-19,DAILY_TOTAL,,,,,,-21240.0,,2212560.0,2233800.0,-21240.0
2022-08-22,DAILY_TOTAL,,,,,,-2475.0,,2210085.0,2233800.0,-23715.0
2022-08-23,DAILY_TOTAL,,,,,,-18180.0,,2191905.0,2233800.0,-41895.0
2022-08-24,DAILY_TOTAL,,,,,,13807.5,,2205712.5,2233800.0,-28087.5
2022-08-25,DAILY_TOTAL,,,,,,1042.5,,2206755.0,2233800.0,-27045.0
2022-08-26,DAILY_TOTAL,,,,,,12157.5,,2218912.5,2233800.0,-14887.5
2022-08-29,DAILY_TOTAL,,,,,,17557.5,,2236470.0,2236470.0,0.0
2022-08-30,DAILY_TOTAL,,,,,,-59902.5,,2176567.5,2236470.0,-59902.5
2022-09-01,DAILY_TOTAL,,,,,,39037.5,,2215605.0,2236470.0,-20865.0
2022-09-02,DAILY_TOTAL,,,,,,8182.5,,2223787.5,2236470.0,-12682.5
2022-09-05,DAILY_TOTAL,,,,,,22665.0,,2246452.5,2246452.5,0.0
2022-09-06,DAILY_TOTAL,,,,,,3142.5,,2249595.0,2249595.0,0.0
2022-09-07,DAILY_TOTAL,,,,,,7297.5,,2256892.5,2256892.5,0.0
2022-09-08,DAILY_TOTAL,,,,,,12555.0,,2269447.5,2269447.5,0.0
2022-09-09,DAILY_TOTAL,,,,,,11265.0,,2280712.5,2280712.5,0.0
2022-09-12,DAILY_TOTAL,,,,,,4770.0,,2285482.5,2285482.5,0.0
2022-09-13,DAILY_TOTAL,,,,,,2445.0,,2287927.5,2287927.5,0.0
2022-09-14,DAILY_TOTAL,,,,,,-23182.5,,2264745.0,2287927.5,-23182.5
2022-09-15,DAILY_TOTAL,,,,,,-12540.0,,2252205.0,2287927.5,-35722.5
2022-09-16,DAILY_TOTAL,,,,,,-31905.0,,2220300.0,2287927.5,-67627.5
2022-09-19,DAILY_TOTAL,,,,,,-375.0,,2219925.0,2287927.5,-68002.5
2022-09-20,DAILY_TOTAL,,,,,,11467.5,,2231392.5,2287927.5,-56535.0
2022-09-21,DAILY_TOTAL,,,,,,-16402.5,,2214990.0,2287927.5,-72937.5
2022-09-22,DAILY_TOTAL,,,,,,30607.5,,2245597.5,2287927.5,-42330.0
2022-09-23,DAILY_TOTAL,,,,,,-10447.5,,2235150.0,2287927.5,-52777.5
2022-09-26,DAILY_TOTAL,,,,,,29145.0,,2264295.0,2287927.5,-23632.5
2022-09-27,DAILY_TOTAL,,,,,,19530.0,,2283825.0,2287927.5,-4102.5
2022-09-28,DAILY_TOTAL,,,,,,20437.5,,2304262.5,2304262.5,0.0
2022-09-29,DAILY_TOTAL,,,,,,-990.0,,2303272.5,2304262.5,-990.0
2022-09-30,DAILY_TOTAL,,,,,,-14010.0,,2289262.5,2304262.5,-15000.0
2022-10-03,DAILY_TOTAL,,,,,,2790.0,,2292052.5,2304262.5,-12210.0
2022-10-04,DAILY_TOTAL,,,,,,16800.0,,2308852.5,2308852.5,0.0
2022-10-06,DAILY_TOTAL,,,,,,13717.5,,2322570.0,2322570.0,0.0
2022-10-07,DAILY_TOTAL,,,,,,16005.0,,2338575.0,2338575.0,0.0
2022-10-10,DAILY_TOTAL,,,,,,-13912.5,,2324662.5,2338575.0,-13912.5
2022-10-11,DAILY_TOTAL,,,,,,-26377.5,,2298285.0,2338575.0,-40290.0
2022-10-12,DAILY_TOTAL,,,,,,2775.0,,2301060.0,2338575.0,-37515.0
2022-10-13,DAILY_TOTAL,,,,,,21217.5,,2322277.5,2338575.0,-16297.5
2022-10-14,DAILY_TOTAL,,,,,,6255.0,,2328532.5,2338575.0,-10042.5
2022-10-17,DAILY_TOTAL,,,,,,412.5,,2328945.0,2338575.0,-9630.0
2022-10-18,DAILY_TOTAL,,,,,,12262.5,,2341207.5,2341207.5,0.0
2022-10-19,DAILY_TOTAL,,,,,,20160.0,,2361367.5,2361367.5,0.0
2022-10-20,DAILY_TOTAL,,,,,,7687.5,,2369055.0,2369055.0,0.0
2022-10-21,DAILY_TOTAL,,,,,,17752.5,,2386807.5,2386807.5,0.0
2022-10-25,DAILY_TOTAL,,,,,,23385.0,,2410192.5,2410192.5,0.0
2022-10-27,DAILY_TOTAL,,,,,,3142.5,,2413335.0,2413335.0,0.0
2022-10-28,DAILY_TOTAL,,,,,,14467.5,,2427802.5,2427802.5,0.0
2022-10-31,DAILY_TOTAL,,,,,,-1935.0,,2425867.5,2427802.5,-1935.0
2022-11-01,DAILY_TOTAL,,,,,,-6622.5,,2419245.0,2427802.5,-8557.5
2022-11-02,DAILY_TOTAL,,,,,,3277.5,,2422522.5,2427802.5,-5280.0
2022-11-03,DAILY_TOTAL,,,,,,8775.0,,2431297.5,2431297.5,0.0
2022-11-04,DAILY_TOTAL,,,,,,14370.0,,2445667.5,2445667.5,0.0
2022-11-07,DAILY_TOTAL,,,,,,15690.0,,2461357.5,2461357.5,0.0
2022-11-09,DAILY_TOTAL,,,,,,-1290.0,,2460067.5,2461357.5,-1290.0
2022-11-10,DAILY_TOTAL,,,,,,-2010.0,,2458057.5,2461357.5,-3300.0
2022-11-11,DAILY_TOTAL,,,,,,-5880.0,,2452177.5,2461357.5,-9180.0
2022-11-14,DAILY_TOTAL,,,,,,10912.5,,2463090.0,2463090.0,0.0
2022-11-15,DAILY_TOTAL,,,,,,2475.0,,2465565.0,2465565.0,0.0
2022-11-16,DAILY_TOTAL,,,,,,15390.0,,2480955.0,2480955.0,0.0
2022-11-17,DAILY_TOTAL,,,,,,8670.0,,2489625.0,2489625.0,0.0
2022-11-18,DAILY_TOTAL,,,,,,12892.5,,2502517.5,2502517.5,0.0
2022-11-21,DAILY_TOTAL,,,,,,10252.5,,2512770.0,2512770.0,0.0
2022-11-22,DAILY_TOTAL,,,,,,945.0,,2513715.0,2513715.0,0.0
2022-11-23,DAILY_TOTAL,,,,,,412.5,,2514127.5,2514127.5,0.0
2022-11-24,DAILY_TOTAL,,,,,,-19845.0,,2494282.5,2514127.5,-19845.0
2022-11-25,DAILY_TOTAL,,,,,,15997.5,,2510280.0,2514127.5,-3847.5
2022-11-28,DAILY_TOTAL,,,,,,3915.0,,2514195.0,2514195.0,0.0
2022-11-29,DAILY_TOTAL,,,,,,7605.0,,2521800.0,2521800.0,0.0
2022-11-30,DAILY_TOTAL,,,,,,-6375.0,,2515425.0,2521800.0,-6375.0
2022-12-01,DAILY_TOTAL,,,,,,-45.0,,2515380.0,2521800.0,-6420.0
2022-12-02,DAILY_TOTAL,,,,,,3915.0,,2519295.0,2521800.0,-2505.0
2022-12-05,DAILY_TOTAL,,,,,,5992.5,,2525287.5,2525287.5,0.0
2022-12-06,DAILY_TOTAL,,,,,,5617.5,,2530905.0,2530905.0,0.0
2022-12-07,DAILY_TOTAL,,,,,,8047.5,,2538952.5,2538952.5,0.0
2022-12-08,DAILY_TOTAL,,,,,,7597.5,,2546550.0,2546550.0,0.0
2022-12-09,DAILY_TOTAL,,,,,,-7642.5,,2538907.5,2546550.0,-7642.5
2022-12-12,DAILY_TOTAL,,,,,,-7110.0,,2531797.5,2546550.0,-14752.5
2022-12-13,DAILY_TOTAL,,,,,,-11962.5,,2519835.0,2546550.0,-26715.0
2022-12-14,DAILY_TOTAL,,,,,,12870.0,,2532705.0,2546550.0,-13845.0
2022-12-15,DAILY_TOTAL,,,,,,-34635.0,,2498070.0,2546550.0,-48480.0
2022-12-16,DAILY_TOTAL,,,,,,4912.5,,2502982.5,2546550.0,-43567.5
2022-12-19,DAILY_TOTAL,,,,,,-4837.5,,2498145.0,2546550.0,-48405.0
2022-12-20,DAILY_TOTAL,,,,,,6300.0,,2504445.0,2546550.0,-42105.0
2022-12-21,DAILY_TOTAL,,,,,,-35722.5,,2468722.5,2546550.0,-77827.5
2022-12-22,DAILY_TOTAL,,,,,,-285.0,,2468437.5,2546550.0,-78112.5
2022-12-23,DAILY_TOTAL,,,,,,5025.0,,2473462.5,2546550.0,-73087.5
2022-12-26,DAILY_TOTAL,,,,,,-8812.5,,2464650.0,2546550.0,-81900.0
2022-12-27,DAILY_TOTAL,,,,,,10597.5,,2475247.5,2546550.0,-71302.5
2022-12-28,DAILY_TOTAL,,,,,,10365.0,,2485612.5,2546550.0,-60937.5
2022-12-29,DAILY_TOTAL,,,,,,-8977.5,,2476635.0,2546550.0,-69915.0
2022-12-30,DAILY_TOTAL,,,,,,2640.0,,2479275.0,2546550.0,-67275.0
2023-01-02,DAILY_TOTAL,,,,,,285.0,,2479560.0,2546550.0,-66990.0
2023-01-03,DAILY_TOTAL,,,,,,7710.0,,2487270.0,2546550.0,-59280.0
2023-01-04,DAILY_TOTAL,,,,,,-5872.5,,2481397.5,2546550.0,-65152.5
2023-01-05,DAILY_TOTAL,,,,,,9315.0,,2490712.5,2546550.0,-55837.5
2023-01-06,DAILY_TOTAL,,,,,,9262.5,,2499975.0,2546550.0,-46575.0
2023-01-09,DAILY_TOTAL,,,,,,-2595.0,,2497380.0,2546550.0,-49170.0
2023-01-10,DAILY_TOTAL,,,,,,-14760.0,,2482620.0,2546550.0,-63930.0
2023-01-11,DAILY_TOTAL,,,,,,10747.5,,2493367.5,2546550.0,-53182.5
2023-01-12,DAILY_TOTAL,,,,,,14947.5,,2508315.0,2546550.0,-38235.0
2023-01-13,DAILY_TOTAL,,,,,,9442.5,,2517757.5,2546550.0,-28792.5
2023-01-16,DAILY_TOTAL,,,,,,-1342.5,,2516415.0,2546550.0,-30135.0
2023-01-17,DAILY_TOTAL,,,,,,2392.5,,2518807.5,2546550.0,-27742.5
2023-01-18,DAILY_TOTAL,,,,,,-315.0,,2518492.5,2546550.0,-28057.5
2023-01-19,DAILY_TOTAL,,,,,,17115.0,,2535607.5,2546550.0,-10942.5
2023-01-20,DAILY_TOTAL,,,,,,7537.5,,2543145.0,2546550.0,-3405.0
2023-01-23,DAILY_TOTAL,,,,,,3772.5,,2546917.5,2546917.5,0.0
2023-01-24,DAILY_TOTAL,,,,,,5542.5,,2552460.0,2552460.0,0.0
2023-01-25,DAILY_TOTAL,,,,,,-12082.5,,2540377.5,2552460.0,-12082.5
2023-01-27,DAILY_TOTAL,,,,,,-22260.0,,2518117.5,2552460.0,-34342.5
2023-01-30,DAILY_TOTAL,,,,,,3502.5,,2521620.0,2552460.0,-30840.0
2023-01-31,DAILY_TOTAL,,,,,,10132.5,,2531752.5,2552460.0,-20707.5
2023-02-01,DAILY_TOTAL,,,,,,27465.0,,2559217.5,2559217.5,0.0
2023-02-02,DAILY_TOTAL,,,,,,15630.0,,2574847.5,2574847.5,0.0
2023-02-03,DAILY_TOTAL,,,,,,17407.5,,2592255.0,2592255.0,0.0
2023-02-06,DAILY_TOTAL,,,,,,-3967.5,,2588287.5,2592255.0,-3967.5
2023-02-07,DAILY_TOTAL,,,,,,11752.5,,2600040.0,2600040.0,0.0
2023-02-08,DAILY_TOTAL,,,,,,14220.0,,2614260.0,2614260.0,0.0
2023-02-09,DAILY_TOTAL,,,,,,12907.5,,2627167.5,2627167.5,0.0
2023-02-10,DAILY_TOTAL,,,,,,15577.5,,2642745.0,2642745.0,0.0
2023-02-13,DAILY_TOTAL,,,,,,1312.5,,2644057.5,2644057.5,0.0
2023-02-14,DAILY_TOTAL,,,,,,-660.0,,2643397.5,2644057.5,-660.0
2023-02-15,DAILY_TOTAL,,,,,,3697.5,,2647095.0,2647095.0,0.0
2023-02-16,DAILY_TOTAL,,,,,,1935.0,,2649030.0,2649030.0,0.0
2023-02-17,DAILY_TOTAL,,,,,,1492.5,,2650522.5,2650522.5,0.0
2023-02-20,DAILY_TOTAL,,,,,,-750.0,,2649772.5,2650522.5,-750.0
2023-02-21,DAILY_TOTAL,,,,,,11055.0,,2660827.5,2660827.5,0.0
2023-02-22,DAILY_TOTAL,,,,,,-22530.0,,2638297.5,2660827.5,-22530.0
2023-02-23,DAILY_TOTAL,,,,,,12502.5,,2650800.0,2660827.5,-10027.5
2023-02-24,DAILY_TOTAL,,,,,,1425.0,,2652225.0,2660827.5,-8602.5
2023-02-27,DAILY_TOTAL,,,,,,10320.0,,2662545.0,2662545.0,0.0
2023-02-28,DAILY_TOTAL,,,,,,3750.0,,2666295.0,2666295.0,0.0
2023-03-01,DAILY_TOTAL,,,,,,14820.0,,2681115.0,2681115.0,0.0
2023-03-02,DAILY_TOTAL,,,,,,-10380.0,,2670735.0,2681115.0,-10380.0
2023-03-03,DAILY_TOTAL,,,,,,-12952.5,,2657782.5,2681115.0,-23332.5
2023-03-06,DAILY_TOTAL,,,,,,9360.0,,2667142.5,2681115.0,-13972.5
2023-03-08,DAILY_TOTAL,,,,,,-6652.5,,2660490.0,2681115.0,-20625.0
2023-03-09,DAILY_TOTAL,,,,,,-9457.5,,2651032.5,2681115.0,-30082.5
2023-03-10,DAILY_TOTAL,,,,,,6862.5,,2657895.0,2681115.0,-23220.0
2023-03-13,DAILY_TOTAL,,,,,,-66517.5,,2591377.5,2681115.0,-89737.5
2023-03-14,DAILY_TOTAL,,,,,,8797.5,,2600175.0,2681115.0,-80940.0
2023-03-15,DAILY_TOTAL,,,,,,-21915.0,,2578260.0,2681115.0,-102855.0
2023-03-16,DAILY_TOTAL,,,,,,20002.5,,2598262.5,2681115.0,-82852.5
2023-03-17,DAILY_TOTAL,,,,,,19477.5,,2617740.0,2681115.0,-63375.0
2023-03-20,DAILY_TOTAL,,,,,,6487.5,,2624227.5,2681115.0,-56887.5
2023-03-21,DAILY_TOTAL,,,,,,10927.5,,2635155.0,2681115.0,-45960.0
2023-03-22,DAILY_TOTAL,,,,,,7717.5,,2642872.5,2681115.0,-38242.5
2023-03-23,DAILY_TOTAL,,,,,,16605.0,,2659477.5,2681115.0,-21637.5
2023-03-24,DAILY_TOTAL,,,,,,-1882.5,,2657595.0,2681115.0,-23520.0
2023-03-27,DAILY_TOTAL,,,,,,6705.0,,2664300.0,2681115.0,-16815.0
2023-03-28,DAILY_TOTAL,,,,,,7582.5,,2671882.5,2681115.0,-9232.5
2023-03-29,DAILY_TOTAL,,,,,,3847.5,,2675730.0,2681115.0,-5385.0
2023-03-31,DAILY_TOTAL,,,,,,-5085.0,,2670645.0,2681115.0,-10470.0
2023-04-03,DAILY_TOTAL,,,,,,17640.0,,2688285.0,2688285.0,0.0
2023-04-05,DAILY_TOTAL,,,,,,-1522.5,,2686762.5,2688285.0,-1522.5
2023-04-06,DAILY_TOTAL,,,,,,8415.0,,2695177.5,2695177.5,0.0
2023-04-10,DAILY_TOTAL,,,,,,14370.0,,2709547.5,2709547.5,0.0
2023-04-11,DAILY_TOTAL,,,,,,2137.5,,2711685.0,2711685.0,0.0
2023-04-12,DAILY_TOTAL,,,,,,-6045.0,,2705640.0,2711685.0,-6045.0
2023-04-13,DAILY_TOTAL,,,,,,11077.5,,2716717.5,2716717.5,0.0
2023-04-17,DAILY_TOTAL,,,,,,28560.0,,2745277.5,2745277.5,0.0
2023-04-18,DAILY_TOTAL,,,,,,5137.5,,2750415.0,2750415.0,0.0
2023-04-19,DAILY_TOTAL,,,,,,2842.5,,2753257.5,2753257.5,0.0
2023-04-20,DAILY_TOTAL,,,,,,9060.0,,2762317.5,2762317.5,0.0
2023-04-21,DAILY_TOTAL,,,,,,10065.0,,2772382.5,2772382.5,0.0
2023-04-24,DAILY_TOTAL,,,,,,3712.5,,2776095.0,2776095.0,0.0
2023-04-25,DAILY_TOTAL,,,,,,2737.5,,2778832.5,2778832.5,0.0
2023-04-26,DAILY_TOTAL,,,,,,3405.0,,2782237.5,2782237.5,0.0
2023-04-27,DAILY_TOTAL,,,,,,-4935.0,,2777302.5,2782237.5,-4935.0
2023-04-28,DAILY_TOTAL,,,,,,-11625.0,,2765677.5,2782237.5,-16560.0
2023-05-02,DAILY_TOTAL,,,,,,7.5,,2765685.0,2782237.5,-16552.5
2023-05-03,DAILY_TOTAL,,,,,,13357.5,,2779042.5,2782237.5,-3195.0
2023-05-04,DAILY_TOTAL,,,,,,-6892.5,,2772150.0,2782237.5,-10087.5
2023-05-05,DAILY_TOTAL,,,,,,-2655.0,,2769495.0,2782237.5,-12742.5
2023-05-08,DAILY_TOTAL,,,,,,-5100.0,,2764395.0,2782237.5,-17842.5
2023-05-09,DAILY_TOTAL,,,,,,1912.5,,2766307.5,2782237.5,-15930.0
2023-05-10,DAILY_TOTAL,,,,,,3757.5,,2770065.0,2782237.5,-12172.5
2023-05-11,DAILY_TOTAL,,,,,,3217.5,,2773282.5,2782237.5,-8955.0
2023-05-12,DAILY_TOTAL,,,,,,7200.0,,2780482.5,2782237.5,-1755.0
2023-05-15,DAILY_TOTAL,,,,,,9705.0,,2790187.5,2790187.5,0.0
2023-05-16,DAILY_TOTAL,,,,,,-930.0,,2789257.5,2790187.5,-930.0
2023-05-17,DAILY_TOTAL,,,,,,10845.0,,2800102.5,2800102.5,0.0
2023-05-18,DAILY_TOTAL,,,,,,-7042.5,,2793060.0,2800102.5,-7042.5
2023-05-19,DAILY_TOTAL,,,,,,10665.0,,2803725.0,2803725.0,0.0
2023-05-22,DAILY_TOTAL,,,,,,-22.5,,2803702.5,2803725.0,-22.5
2023-05-23,DAILY_TOTAL,,,,,,-2152.5,,2801550.0,2803725.0,-2175.0
2023-05-24,DAILY_TOTAL,,,,,,5700.0,,2807250.0,2807250.0,0.0
2023-05-25,DAILY_TOTAL,,,,,,11775.0,,2819025.0,2819025.0,0.0
2023-05-26,DAILY_TOTAL,,,,,,-11422.5,,2807602.5,2819025.0,-11422.5
2023-05-29,DAILY_TOTAL,,,,,,-727.5,,2806875.0,2819025.0,-12150.0
2023-05-30,DAILY_TOTAL,,,,,,5370.0,,2812245.0,2819025.0,-6780.0
2023-05-31,DAILY_TOTAL,,,,,,18690.0,,2830935.0,2830935.0,0.0
2023-06-01,DAILY_TOTAL,,,,,,5055.0,,2835990.0,2835990.0,0.0
2023-06-02,DAILY_TOTAL,,,,,,6075.0,,2842065.0,2842065.0,0.0
2023-06-05,DAILY_TOTAL,,,,,,1177.5,,2843242.5,2843242.5,0.0
2023-06-06,DAILY_TOTAL,,,,,,7102.5,,2850345.0,2850345.0,0.0
2023-06-07,DAILY_TOTAL,,,,,,-2520.0,,2847825.0,2850345.0,-2520.0
2023-06-08,DAILY_TOTAL,,,,,,-3300.0,,2844525.0,2850345.0,-5820.0
2023-06-09,DAILY_TOTAL,,,,,,4972.5,,2849497.5,2850345.0,-847.5
2023-06-12,DAILY_TOTAL,,,,,,4642.5,,2854140.0,2854140.0,0.0
2023-06-13,DAILY_TOTAL,,,,,,5010.0,,2859150.0,2859150.0,0.0
2023-06-14,DAILY_TOTAL,,,,,,4995.0,,2864145.0,2864145.0,0.0
2023-06-15,DAILY_TOTAL,,,,,,3757.5,,2867902.5,2867902.5,0.0
2023-06-16,DAILY_TOTAL,,,,,,-4110.0,,2863792.5,2867902.5,-4110.0
2023-06-19,DAILY_TOTAL,,,,,,4807.5,,2868600.0,2868600.0,0.0
2023-06-20,DAILY_TOTAL,,,,,,2265.0,,2870865.0,2870865.0,0.0
2023-06-21,DAILY_TOTAL,,,,,,4365.0,,2875230.0,2875230.0,0.0
2023-06-22,DAILY_TOTAL,,,,,,2197.5,,2877427.5,2877427.5,0.0
2023-06-23,DAILY_TOTAL,,,,,,17707.5,,2895135.0,2895135.0,0.0
2023-06-26,DAILY_TOTAL,,,,,,10305.0,,2905440.0,2905440.0,0.0
2023-06-27,DAILY_TOTAL,,,,,,9150.0,,2914590.0,2914590.0,0.0
2023-06-28,DAILY_TOTAL,,,,,,-4440.0,,2910150.0,2914590.0,-4440.0
2023-06-30,DAILY_TOTAL,,,,,,-5242.5,,2904907.5,2914590.0,-9682.5
2023-07-03,DAILY_TOTAL,,,,,,1177.5,,2906085.0,2914590.0,-8505.0
2023-07-04,DAILY_TOTAL,,,,,,5175.0,,2911260.0,2914590.0,-3330.0
2023-07-05,DAILY_TOTAL,,,,,,6855.0,,2918115.0,2918115.0,0.0
2023-07-06,DAILY_TOTAL,,,,,,3712.5,,2921827.5,2921827.5,0.0
2023-07-07,DAILY_TOTAL,,,,,,12127.5,,2933955.0,2933955.0,0.0
2023-07-10,DAILY_TOTAL,,,,,,7912.5,,2941867.5,2941867.5,0.0
2023-07-11,DAILY_TOTAL,,,,,,4635.0,,2946502.5,2946502.5,0.0
2023-07-12,DAILY_TOTAL,,,,,,2317.5,,2948820.0,2948820.0,0.0
2023-07-13,DAILY_TOTAL,,,,,,3832.5,,2952652.5,2952652.5,0.0
2023-07-14,DAILY_TOTAL,,,,,,-4972.5,,2947680.0,2952652.5,-4972.5
2023-07-17,DAILY_TOTAL,,,,,,-9772.5,,2937907.5,2952652.5,-14745.0
2023-07-18,DAILY_TOTAL,,,,,,9637.5,,2947545.0,2952652.5,-5107.5
2023-07-19,DAILY_TOTAL,,,,,,11220.0,,2958765.0,2958765.0,0.0
2023-07-20,DAILY_TOTAL,,,,,,-4260.0,,2954505.0,2958765.0,-4260.0
2023-07-21,DAILY_TOTAL,,,,,,6315.0,,2960820.0,2960820.0,0.0
2023-07-24,DAILY_TOTAL,,,,,,7657.5,,2968477.5,2968477.5,0.0
2023-07-25,DAILY_TOTAL,,,,,,9022.5,,2977500.0,2977500.0,0.0
2023-07-26,DAILY_TOTAL,,,,,,7815.0,,2985315.0,2985315.0,0.0
2023-07-27,DAILY_TOTAL,,,,,,-17640.0,,2967675.0,2985315.0,-17640.0
2023-07-28,DAILY_TOTAL,,,,,,20070.0,,2987745.0,2987745.0,0.0
2023-07-31,DAILY_TOTAL,,,,,,-3600.0,,2984145.0,2987745.0,-3600.0
2023-08-01,DAILY_TOTAL,,,,,,5250.0,,2989395.0,2989395.0,0.0
2023-08-02,DAILY_TOTAL,,,,,,-5970.0,,2983425.0,2989395.0,-5970.0
2023-08-03,DAILY_TOTAL,,,,,,-352.5,,2983072.5,2989395.0,-6322.5
2023-08-04,DAILY_TOTAL,,,,,,12030.0,,2995102.5,2995102.5,0.0
2023-08-07,DAILY_TOTAL,,,,,,3750.0,,2998852.5,2998852.5,0.0
2023-08-08,DAILY_TOTAL,,,,,,4035.0,,3002887.5,3002887.5,0.0
2023-08-09,DAILY_TOTAL,,,,,,2347.5,,3005235.0,3005235.0,0.0
2023-08-10,DAILY_TOTAL,,,,,,5805.0,,3011040.0,3011040.0,0.0
2023-08-11,DAILY_TOTAL,,,,,,7192.5,,3018232.5,3018232.5,0.0
2023-08-14,DAILY_TOTAL,,,,,,1320.0,,3019552.5,3019552.5,0.0
2023-08-16,DAILY_TOTAL,,,,,,2565.0,,3022117.5,3022117.5,0.0
2023-08-17,DAILY_TOTAL,,,,,,3532.5,,3025650.0,3025650.0,0.0
2023-08-18,DAILY_TOTAL,,,,,,11565.0,,3037215.0,3037215.0,0.0
2023-08-21,DAILY_TOTAL,,,,,,15015.0,,3052230.0,3052230.0,0.0
2023-08-22,DAILY_TOTAL,,,,,,4155.0,,3056385.0,3056385.0,0.0
2023-08-23,DAILY_TOTAL,,,,,,6472.5,,3062857.5,3062857.5,0.0
2023-08-24,DAILY_TOTAL,,,,,,-7147.5,,3055710.0,3062857.5,-7147.5
2023-08-25,DAILY_TOTAL,,,,,,3232.5,,3058942.5,3062857.5,-3915.0
2023-08-28,DAILY_TOTAL,,,,,,18585.0,,3077527.5,3077527.5,0.0
2023-08-29,DAILY_TOTAL,,,,,,8850.0,,3086377.5,3086377.5,0.0
2023-08-30,DAILY_TOTAL,,,,,,-5212.5,,3081165.0,3086377.5,-5212.5
2023-08-31,DAILY_TOTAL,,,,,,-3022.5,,3078142.5,3086377.5,-8235.0
2023-09-01,DAILY_TOTAL,,,,,,2070.0,,3080212.5,3086377.5,-6165.0
2023-09-04,DAILY_TOTAL,,,,,,6427.5,,3086640.0,3086640.0,0.0
2023-09-05,DAILY_TOTAL,,,,,,6435.0,,3093075.0,3093075.0,0.0
2023-09-06,DAILY_TOTAL,,,,,,5107.5,,3098182.5,3098182.5,0.0
2023-09-07,DAILY_TOTAL,,,,,,-12435.0,,3085747.5,3098182.5,-12435.0
2023-09-08,DAILY_TOTAL,,,,,,-3195.0,,3082552.5,3098182.5,-15630.0
2023-09-11,DAILY_TOTAL,,,,,,-5940.0,,3076612.5,3098182.5,-21570.0
2023-09-12,DAILY_TOTAL,,,,,,2302.5,,3078915.0,3098182.5,-19267.5
2023-09-13,DAILY_TOTAL,,,,,,11422.5,,3090337.5,3098182.5,-7845.0
2023-09-14,DAILY_TOTAL,,,,,,12900.0,,3103237.5,3103237.5,0.0
2023-09-15,DAILY_TOTAL,,,,,,5250.0,,3108487.5,3108487.5,0.0
2023-09-18,DAILY_TOTAL,,,,,,14632.5,,3123120.0,3123120.0,0.0
2023-09-20,DAILY_TOTAL,,,,,,75.0,,3123195.0,3123195.0,0.0
2023-09-21,DAILY_TOTAL,,,,,,6780.0,,3129975.0,3129975.0,0.0
2023-09-22,DAILY_TOTAL,,,,,,3352.5,,3133327.5,3133327.5,0.0
2023-09-25,DAILY_TOTAL,,,,,,11070.0,,3144397.5,3144397.5,0.0
2023-09-26,DAILY_TOTAL,,,,,,4252.5,,3148650.0,3148650.0,0.0
2023-09-27,DAILY_TOTAL,,,,,,-4027.5,,3144622.5,3148650.0,-4027.5
2023-09-28,DAILY_TOTAL,,,,,,-26467.5,,3118155.0,3148650.0,-30495.0
2023-09-29,DAILY_TOTAL,,,,,,16710.0,,3134865.0,3148650.0,-13785.0
2023-10-03,DAILY_TOTAL,,,,,,13350.0,,3148215.0,3148650.0,-435.0
2023-10-04,DAILY_TOTAL,,,,,,-1680.0,,3146535.0,3148650.0,-2115.0
2023-10-05,DAILY_TOTAL,,,,,,11475.0,,3158010.0,3158010.0,0.0
2023-10-06,DAILY_TOTAL,,,,,,5190.0,,3163200.0,3163200.0,0.0
2023-10-09,DAILY_TOTAL,,,,,,1860.0,,3165060.0,3165060.0,0.0
2023-10-10,DAILY_TOTAL,,,,,,-6630.0,,3158430.0,3165060.0,-6630.0
2023-10-11,DAILY_TOTAL,,,,,,11572.5,,3170002.5,3170002.5,0.0
2023-10-12,DAILY_TOTAL,,,,,,13222.5,,3183225.0,3183225.0,0.0
2023-10-13,DAILY_TOTAL,,,,,,4162.5,,3187387.5,3187387.5,0.0
2023-10-16,DAILY_TOTAL,,,,,,10807.5,,3198195.0,3198195.0,0.0
2023-10-17,DAILY_TOTAL,,,,,,1522.5,,3199717.5,3199717.5,0.0
2023-10-18,DAILY_TOTAL,,,,,,-5760.0,,3193957.5,3199717.5,-5760.0
2023-10-19,DAILY_TOTAL,,,,,,-5002.5,,3188955.0,3199717.5,-10762.5
2023-10-20,DAILY_TOTAL,,,,,,9435.0,,3198390.0,3199717.5,-1327.5
2023-10-23,DAILY_TOTAL,,,,,,-34252.5,,3164137.5,3199717.5,-35580.0
2023-10-25,DAILY_TOTAL,,,,,,-23475.0,,3140662.5,3199717.5,-59055.0
2023-10-26,DAILY_TOTAL,,,,,,-4755.0,,3135907.5,3199717.5,-63810.0
2023-10-27,DAILY_TOTAL,,,,,,7755.0,,3143662.5,3199717.5,-56055.0
2023-10-30,DAILY_TOTAL,,,,,,172.5,,3143835.0,3199717.5,-55882.5
2023-10-31,DAILY_TOTAL,,,,,,1972.5,,3145807.5,3199717.5,-53910.0
2023-11-01,DAILY_TOTAL,,,,,,2122.5,,3147930.0,3199717.5,-51787.5
2023-11-02,DAILY_TOTAL,,,,,,11362.5,,3159292.5,3199717.5,-40425.0
2023-11-03,DAILY_TOTAL,,,,,,6150.0,,3165442.5,3199717.5,-34275.0
2023-11-06,DAILY_TOTAL,,,,,,-3637.5,,3161805.0,3199717.5,-37912.5
2023-11-07,DAILY_TOTAL,,,,,,4215.0,,3166020.0,3199717.5,-33697.5
2023-11-08,DAILY_TOTAL,,,,,,-262.5,,3165757.5,3199717.5,-33960.0
2023-11-09,DAILY_TOTAL,,,,,,14767.5,,3180525.0,3199717.5,-19192.5
2023-11-10,DAILY_TOTAL,,,,,,1192.5,,3181717.5,3199717.5,-18000.0
2023-11-13,DAILY_TOTAL,,,,,,7905.0,,3189622.5,3199717.5,-10095.0
2023-11-15,DAILY_TOTAL,,,,,,-8137.5,,3181485.0,3199717.5,-18232.5
2023-11-16,DAILY_TOTAL,,,,,,-2527.5,,3178957.5,3199717.5,-20760.0
2023-11-17,DAILY_TOTAL,,,,,,3255.0,,3182212.5,3199717.5,-17505.0
2023-11-20,DAILY_TOTAL,,,,,,11445.0,,3193657.5,3199717.5,-6060.0
2023-11-21,DAILY_TOTAL,,,,,,7920.0,,3201577.5,3201577.5,0.0
2023-11-22,DAILY_TOTAL,,,,,,7972.5,,3209550.0,3209550.0,0.0
2023-11-23,DAILY_TOTAL,,,,,,4920.0,,3214470.0,3214470.0,0.0
2023-11-24,DAILY_TOTAL,,,,,,12750.0,,3227220.0,3227220.0,0.0
2023-11-28,DAILY_TOTAL,,,,,,-555.0,,3226665.0,3227220.0,-555.0
2023-11-29,DAILY_TOTAL,,,,,,-25567.5,,3201097.5,3227220.0,-26122.5
2023-11-30,DAILY_TOTAL,,,,,,11722.5,,3212820.0,3227220.0,-14400.0
2023-12-01,DAILY_TOTAL,,,,,,1222.5,,3214042.5,3227220.0,-13177.5
2023-12-04,DAILY_TOTAL,,,,,,-34725.0,,3179317.5,3227220.0,-47902.5
2023-12-05,DAILY_TOTAL,,,,,,-17115.0,,3162202.5,3227220.0,-65017.5
2023-12-06,DAILY_TOTAL,,,,,,18907.5,,3181110.0,3227220.0,-46110.0
2023-12-07,DAILY_TOTAL,,,,,,18060.0,,3199170.0,3227220.0,-28050.0
2023-12-08,DAILY_TOTAL,,,,,,8452.5,,3207622.5,3227220.0,-19597.5
2023-12-11,DAILY_TOTAL,,,,,,8340.0,,3215962.5,3227220.0,-11257.5
2023-12-12,DAILY_TOTAL,,,,,,-15.0,,3215947.5,3227220.0,-11272.5
2023-12-13,DAILY_TOTAL,,,,,,21930.0,,3237877.5,3237877.5,0.0
2023-12-14,DAILY_TOTAL,,,,,,-2272.5,,3235605.0,3237877.5,-2272.5
2023-12-15,DAILY_TOTAL,,,,,,-43897.5,,3191707.5,3237877.5,-46170.0
2023-12-18,DAILY_TOTAL,,,,,,22132.5,,3213840.0,3237877.5,-24037.5
2023-12-19,DAILY_TOTAL,,,,,,12780.0,,3226620.0,3237877.5,-11257.5
2023-12-20,DAILY_TOTAL,,,,,,-124620.0,,3102000.0,3237877.5,-135877.5
2023-12-21,DAILY_TOTAL,,,,,,-16477.5,,3085522.5,3237877.5,-152355.0
2023-12-22,DAILY_TOTAL,,,,,,19507.5,,3105030.0,3237877.5,-132847.5
2023-12-26,DAILY_TOTAL,,,,,,3112.5,,3108142.5,3237877.5,-129735.0
2023-12-27,DAILY_TOTAL,,,,,,1072.5,,3109215.0,3237877.5,-128662.5
2023-12-28,DAILY_TOTAL,,,,,,10305.0,,3119520.0,3237877.5,-118357.5
2023-12-29,DAILY_TOTAL,,,,,,38947.5,,3158467.5,3237877.5,-79410.0
2024-01-01,DAILY_TOTAL,,,,,,21480.0,,3179947.5,3237877.5,-57930.0
2024-01-02,DAILY_TOTAL,,,,,,19305.0,,3199252.5,3237877.5,-38625.0
2024-01-03,DAILY_TOTAL,,,,,,12577.5,,3211830.0,3237877.5,-26047.5
2024-01-04,DAILY_TOTAL,,,,,,4657.5,,3216487.5,3237877.5,-21390.0
2024-01-05,DAILY_TOTAL,,,,,,13455.0,,3229942.5,3237877.5,-7935.0
2024-01-08,DAILY_TOTAL,,,,,,-14737.5,,3215205.0,3237877.5,-22672.5
2024-01-09,DAILY_TOTAL,,,,,,1252.5,,3216457.5,3237877.5,-21420.0
2024-01-10,DAILY_TOTAL,,,,,,14977.5,,3231435.0,3237877.5,-6442.5
2024-01-11,DAILY_TOTAL,,,,,,8287.5,,3239722.5,3239722.5,0.0
2024-01-12,DAILY_TOTAL,,,,,,-16252.5,,3223470.0,3239722.5,-16252.5
2024-01-15,DAILY_TOTAL,,,,,,10335.0,,3233805.0,3239722.5,-5917.5
2024-01-16,DAILY_TOTAL,,,,,,19522.5,,3253327.5,3253327.5,0.0
2024-01-17,DAILY_TOTAL,,,,,,-38670.0,,3214657.5,3253327.5,-38670.0
2024-01-18,DAILY_TOTAL,,,,,,24682.5,,3239340.0,3253327.5,-13987.5
2024-01-19,DAILY_TOTAL,,,,,,11025.0,,3250365.0,3253327.5,-2962.5
2024-01-20,DAILY_TOTAL,,,,,,1140.0,,3251505.0,3253327.5,-1822.5
2024-01-23,DAILY_TOTAL,,,,,,-118410.0,,3133095.0,3253327.5,-120232.5
2024-01-24,DAILY_TOTAL,,,,,,-33562.5,,3099532.5,3253327.5,-153795.0
2024-01-25,DAILY_TOTAL,,,,,,21157.5,,3120690.0,3253327.5,-132637.5
2024-01-29,DAILY_TOTAL,,,,,,-37665.0,,3083025.0,3253327.5,-170302.5
2024-01-30,DAILY_TOTAL,,,,,,1837.5,,3084862.5,3253327.5,-168465.0
2024-01-31,DAILY_TOTAL,,,,,,-6727.5,,3078135.0,3253327.5,-175192.5
2024-02-01,DAILY_TOTAL,,,,,,60390.0,,3138525.0,3253327.5,-114802.5
2024-02-02,DAILY_TOTAL,,,,,,-2745.0,,3135780.0,3253327.5,-117547.5
2024-02-05,DAILY_TOTAL,,,,,,8595.0,,3144375.0,3253327.5,-108952.5
2024-02-06,DAILY_TOTAL,,,,,,-615.0,,3143760.0,3253327.5,-109567.5
2024-02-07,DAILY_TOTAL,,,,,,17805.0,,3161565.0,3253327.5,-91762.5
2024-02-08,DAILY_TOTAL,,,,,,-41085.0,,3120480.0,3253327.5,-132847.5
2024-02-09,DAILY_TOTAL,,,,,,28972.5,,3149452.5,3253327.5,-103875.0
2024-02-12,DAILY_TOTAL,,,,,,-10672.5,,3138780.0,3253327.5,-114547.5
2024-02-13,DAILY_TOTAL,,,,,,17505.0,,3156285.0,3253327.5,-97042.5
2024-02-14,DAILY_TOTAL,,,,,,-46132.5,,3110152.5,3253327.5,-143175.0
2024-02-15,DAILY_TOTAL,,,,,,26437.5,,3136590.0,3253327.5,-116737.5
2024-02-16,DAILY_TOTAL,,,,,,-3757.5,,3132832.5,3253327.5,-120495.0
2024-02-19,DAILY_TOTAL,,,,,,11265.0,,3144097.5,3253327.5,-109230.0
2024-02-20,DAILY_TOTAL,,,,,,262.5,,3144360.0,3253327.5,-108967.5
2024-02-21,DAILY_TOTAL,,,,,,-9577.5,,3134782.5,3253327.5,-118545.0
2024-02-22,DAILY_TOTAL,,,,,,5160.0,,3139942.5,3253327.5,-113385.0
2024-02-23,DAILY_TOTAL,,,,,,25237.5,,3165180.0,3253327.5,-88147.5
2024-02-26,DAILY_TOTAL,,,,,,12397.5,,3177577.5,3253327.5,-75750.0
2024-02-27,DAILY_TOTAL,,,,,,16132.5,,3193710.0,3253327.5,-59617.5
2024-02-28,DAILY_TOTAL,,,,,,-46807.5,,3146902.5,3253327.5,-106425.0
2024-02-29,DAILY_TOTAL,,,,,,21030.0,,3167932.5,3253327.5,-85395.0
2024-03-01,DAILY_TOTAL,,,,,,-25500.0,,3142432.5,3253327.5,-110895.0
2024-03-02,DAILY_TOTAL,,,,,,10177.5,,3152610.0,3253327.5,-100717.5
2024-03-04,DAILY_TOTAL,,,,,,11835.0,,3164445.0,3253327.5,-88882.5
2024-03-05,DAILY_TOTAL,,,,,,25980.0,,3190425.0,3253327.5,-62902.5
2024-03-06,DAILY_TOTAL,,,,,,-12247.5,,3178177.5,3253327.5,-75150.0
2024-03-07,DAILY_TOTAL,,,,,,22800.0,,3200977.5,3253327.5,-52350.0
2024-03-11,DAILY_TOTAL,,,,,,1957.5,,3202935.0,3253327.5,-50392.5
2024-03-12,DAILY_TOTAL,,,,,,9480.0,,3212415.0,3253327.5,-40912.5
2024-03-13,DAILY_TOTAL,,,,,,-104160.0,,3108255.0,3253327.5,-145072.5
2024-03-14,DAILY_TOTAL,,,,,,-5640.0,,3102615.0,3253327.5,-150712.5
2024-03-15,DAILY_TOTAL,,,,,,16845.0,,3119460.0,3253327.5,-133867.5
2024-03-18,DAILY_TOTAL,,,,,,18217.5,,3137677.5,3253327.5,-115650.0
2024-03-19,DAILY_TOTAL,,,,,,757.5,,3138435.0,3253327.5,-114892.5
2024-03-20,DAILY_TOTAL,,,,,,21405.0,,3159840.0,3253327.5,-93487.5
2024-03-21,DAILY_TOTAL,,,,,,24330.0,,3184170.0,3253327.5,-69157.5
2024-03-22,DAILY_TOTAL,,,,,,-1320.0,,3182850.0,3253327.5,-70477.5
2024-03-26,DAILY_TOTAL,,,,,,12975.0,,3195825.0,3253327.5,-57502.5
2024-03-27,DAILY_TOTAL,,,,,,10537.5,,3206362.5,3253327.5,-46965.0
2024-03-28,DAILY_TOTAL,,,,,,825.0,,3207187.5,3253327.5,-46140.0
2024-04-01,DAILY_TOTAL,,,,,,12135.0,,3219322.5,3253327.5,-34005.0
2024-04-02,DAILY_TOTAL,,,,,,13575.0,,3232897.5,3253327.5,-20430.0
2024-04-03,DAILY_TOTAL,,,,,,8895.0,,3241792.5,3253327.5,-11535.0
2024-04-04,DAILY_TOTAL,,,,,,16852.5,,3258645.0,3258645.0,0.0
2024-04-05,DAILY_TOTAL,,,,,,17100.0,,3275745.0,3275745.0,0.0
2024-04-08,DAILY_TOTAL,,,,,,82.5,,3275827.5,3275827.5,0.0
2024-04-09,DAILY_TOTAL,,,,,,11160.0,,3286987.5,3286987.5,0.0
2024-04-10,DAILY_TOTAL,,,,,,12435.0,,3299422.5,3299422.5,0.0
2024-04-12,DAILY_TOTAL,,,,,,4897.5,,3304320.0,3304320.0,0.0
2024-04-15,DAILY_TOTAL,,,,,,13155.0,,3317475.0,3317475.0,0.0
2024-04-16,DAILY_TOTAL,,,,,,22852.5,,3340327.5,3340327.5,0.0
2024-04-18,DAILY_TOTAL,,,,,,-30607.5,,3309720.0,3340327.5,-30607.5
2024-04-19,DAILY_TOTAL,,,,,,-47115.0,,3262605.0,3340327.5,-77722.5
2024-04-22,DAILY_TOTAL,,,,,,8805.0,,3271410.0,3340327.5,-68917.5
2024-04-23,DAILY_TOTAL,,,,,,18330.0,,3289740.0,3340327.5,-50587.5
2024-04-24,DAILY_TOTAL,,,,,,12420.0,,3302160.0,3340327.5,-38167.5
2024-04-25,DAILY_TOTAL,,,,,,-18345.0,,3283815.0,3340327.5,-56512.5
2024-04-26,DAILY_TOTAL,,,,,,5602.5,,3289417.5,3340327.5,-50910.0
2024-04-29,DAILY_TOTAL,,,,,,-4612.5,,3284805.0,3340327.5,-55522.5
2024-04-30,DAILY_TOTAL,,,,,,13297.5,,3298102.5,3340327.5,-42225.0
2024-05-02,DAILY_TOTAL,,,,,,27502.5,,3325605.0,3340327.5,-14722.5
2024-05-03,DAILY_TOTAL,,,,,,-33037.5,,3292567.5,3340327.5,-47760.0
2024-05-06,DAILY_TOTAL,,,,,,10905.0,,3303472.5,3340327.5,-36855.0
2024-05-07,DAILY_TOTAL,,,,,,-2160.0,,3301312.5,3340327.5,-39015.0
2024-05-08,DAILY_TOTAL,,,,,,16447.5,,3317760.0,3340327.5,-22567.5
2024-05-09,DAILY_TOTAL,,,,,,-66900.0,,3250860.0,3340327.5,-89467.5
2024-05-10,DAILY_TOTAL,,,,,,19020.0,,3269880.0,3340327.5,-70447.5
2024-05-13,DAILY_TOTAL,,,,,,6457.5,,3276337.5,3340327.5,-63990.0
2024-05-14,DAILY_TOTAL,,,,,,11100.0,,3287437.5,3340327.5,-52890.0
2024-05-15,DAILY_TOTAL,,,,,,12630.0,,3300067.5,3340327.5,-40260.0
2024-05-16,DAILY_TOTAL,,,,,,6315.0,,3306382.5,3340327.5,-33945.0
2024-05-17,DAILY_TOTAL,,,,,,20587.5,,3326970.0,3340327.5,-13357.5
2024-05-18,DAILY_TOTAL,,,,,,5977.5,,3332947.5,3340327.5,-7380.0
2024-05-21,DAILY_TOTAL,,,,,,7935.0,,3340882.5,3340882.5,0.0
2024-05-22,DAILY_TOTAL,,,,,,13485.0,,3354367.5,3354367.5,0.0
2024-05-23,DAILY_TOTAL,,,,,,-80017.5,,3274350.0,3354367.5,-80017.5
2024-05-24,DAILY_TOTAL,,,,,,15360.0,,3289710.0,3354367.5,-64657.5
2024-05-27,DAILY_TOTAL,,,,,,10492.5,,3300202.5,3354367.5,-54165.0
2024-05-28,DAILY_TOTAL,,,,,,15052.5,,3315255.0,3354367.5,-39112.5
2024-05-29,DAILY_TOTAL,,,,,,18802.5,,3334057.5,3354367.5,-20310.0
2024-05-30,DAILY_TOTAL,,,,,,-5482.5,,3328575.0,3354367.5,-25792.5
2024-05-31,DAILY_TOTAL,,,,,,4035.0,,3332610.0,3354367.5,-21757.5
2024-06-03,DAILY_TOTAL,,,,,,5137.5,,3337747.5,3354367.5,-16620.0
2024-06-04,DAILY_TOTAL,,,,,,-163290.0,,3174457.5,3354367.5,-179910.0
2024-06-05,DAILY_TOTAL,,,,,,-28057.5,,3146400.0,3354367.5,-207967.5
2024-06-06,DAILY_TOTAL,,,,,,56820.0,,3203220.0,3354367.5,-151147.5
2024-06-07,DAILY_TOTAL,,,,,,-59527.5,,3143692.5,3354367.5,-210675.0
2024-06-10,DAILY_TOTAL,,,,,,12502.5,,3156195.0,3354367.5,-198172.5
2024-06-11,DAILY_TOTAL,,,,,,47152.5,,3203347.5,3354367.5,-151020.0
2024-06-12,DAILY_TOTAL,,,,,,14782.5,,3218130.0,3354367.5,-136237.5
2024-06-13,DAILY_TOTAL,,,,,,25087.5,,3243217.5,3354367.5,-111150.0
2024-06-14,DAILY_TOTAL,,,,,,15750.0,,3258967.5,3354367.5,-95400.0
2024-06-18,DAILY_TOTAL,,,,,,13875.0,,3272842.5,3354367.5,-81525.0
2024-06-19,DAILY_TOTAL,,,,,,-3877.5,,3268965.0,3354367.5,-85402.5
2024-06-20,DAILY_TOTAL,,,,,,16342.5,,3285307.5,3354367.5,-69060.0
2024-06-21,DAILY_TOTAL,,,,,,-6135.0,,3279172.5,3354367.5,-75195.0
2024-06-24,DAILY_TOTAL,,,,,,-8947.5,,3270225.0,3354367.5,-84142.5
2024-06-25,DAILY_TOTAL,,,,,,-4470.0,,3265755.0,3354367.5,-88612.5
2024-06-26,DAILY_TOTAL,,,,,,-2062.5,,3263692.5,3354367.5,-90675.0
2024-06-27,DAILY_TOTAL,,,,,,7770.0,,3271462.5,3354367.5,-82905.0
2024-06-28,DAILY_TOTAL,,,,,,24810.0,,3296272.5,3354367.5,-58095.0
2024-07-01,DAILY_TOTAL,,,,,,17197.5,,3313470.0,3354367.5,-40897.5
2024-07-02,DAILY_TOTAL,,,,,,20392.5,,3333862.5,3354367.5,-20505.0
2024-07-03,DAILY_TOTAL,,,,,,6862.5,,3340725.0,3354367.5,-13642.5
2024-07-04,DAILY_TOTAL,,,,,,17572.5,,3358297.5,3358297.5,0.0
2024-07-05,DAILY_TOTAL,,,,,,-11122.5,,3347175.0,3358297.5,-11122.5
2024-07-08,DAILY_TOTAL,,,,,,8077.5,,3355252.5,3358297.5,-3045.0
2024-07-09,DAILY_TOTAL,,,,,,8235.0,,3363487.5,3363487.5,0.0
2024-07-10,DAILY_TOTAL,,,,,,4080.0,,3367567.5,3367567.5,0.0
2024-07-11,DAILY_TOTAL,,,,,,16695.0,,3384262.5,3384262.5,0.0
2024-07-12,DAILY_TOTAL,,,,,,-7080.0,,3377182.5,3384262.5,-7080.0
2024-07-15,DAILY_TOTAL,,,,,,8527.5,,3385710.0,3385710.0,0.0
2024-07-16,DAILY_TOTAL,,,,,,20820.0,,3406530.0,3406530.0,0.0
2024-07-18,DAILY_TOTAL,,,,,,-24832.5,,3381697.5,3406530.0,-24832.5
2024-07-19,DAILY_TOTAL,,,,,,-14092.5,,3367605.0,3406530.0,-38925.0
2024-07-22,DAILY_TOTAL,,,,,,25200.0,,3392805.0,3406530.0,-13725.0
2024-07-23,DAILY_TOTAL,,,,,,74145.0,,3466950.0,3466950.0,0.0
2024-07-24,DAILY_TOTAL,,,,,,27525.0,,3494475.0,3494475.0,0.0
2024-07-25,DAILY_TOTAL,,,,,,2670.0,,3497145.0,3497145.0,0.0
2024-07-26,DAILY_TOTAL,,,,,,-69975.0,,3427170.0,3497145.0,-69975.0
2024-07-29,DAILY_TOTAL,,,,,,10620.0,,3437790.0,3497145.0,-59355.0
2024-07-30,DAILY_TOTAL,,,,,,18007.5,,3455797.5,3497145.0,-41347.5
2024-07-31,DAILY_TOTAL,,,,,,-757.5,,3455040.0,3497145.0,-42105.0
2024-08-01,DAILY_TOTAL,,,,,,22762.5,,3477802.5,3497145.0,-19342.5
2024-08-02,DAILY_TOTAL,,,,,,-18262.5,,3459540.0,3497145.0,-37605.0
2024-08-05,DAILY_TOTAL,,,,,,-55425.0,,3404115.0,3497145.0,-93030.0
2024-08-06,DAILY_TOTAL,,,,,,-2160.0,,3401955.0,3497145.0,-95190.0
2024-08-07,DAILY_TOTAL,,,,,,24697.5,,3426652.5,3497145.0,-70492.5
2024-08-08,DAILY_TOTAL,,,,,,29085.0,,3455737.5,3497145.0,-41407.5
2024-08-09,DAILY_TOTAL,,,,,,16410.0,,3472147.5,3497145.0,-24997.5
2024-08-12,DAILY_TOTAL,,,,,,19860.0,,3492007.5,3497145.0,-5137.5
2024-08-13,DAILY_TOTAL,,,,,,6022.5,,3498030.0,3498030.0,0.0
2024-08-14,DAILY_TOTAL,,,,,,35002.5,,3533032.5,3533032.5,0.0
2024-08-16,DAILY_TOTAL,,,,,,-5302.5,,3527730.0,3533032.5,-5302.5
2024-08-19,DAILY_TOTAL,,,,,,6855.0,,3534585.0,3534585.0,0.0
2024-08-20,DAILY_TOTAL,,,,,,6382.5,,3540967.5,3540967.5,0.0
2024-08-21,DAILY_TOTAL,,,,,,7095.0,,3548062.5,3548062.5,0.0
2024-08-22,DAILY_TOTAL,,,,,,20227.5,,3568290.0,3568290.0,0.0
2024-08-23,DAILY_TOTAL,,,,,,-5295.0,,3562995.0,3568290.0,-5295.0
2024-08-26,DAILY_TOTAL,,,,,,7530.0,,3570525.0,3570525.0,0.0
2024-08-27,DAILY_TOTAL,,,,,,12105.0,,3582630.0,3582630.0,0.0
2024-08-28,DAILY_TOTAL,,,,,,5347.5,,3587977.5,3587977.5,0.0
2024-08-29,DAILY_TOTAL,,,,,,2445.0,,3590422.5,3590422.5,0.0
2024-08-30,DAILY_TOTAL,,,,,,13500.0,,3603922.5,3603922.5,0.0
2024-09-02,DAILY_TOTAL,,,,,,19425.0,,3623347.5,3623347.5,0.0
2024-09-03,DAILY_TOTAL,,,,,,13732.5,,3637080.0,3637080.0,0.0
2024-09-04,DAILY_TOTAL,,,,,,11197.5,,3648277.5,3648277.5,0.0
2024-09-05,DAILY_TOTAL,,,,,,8940.0,,3657217.5,3657217.5,0.0
2024-09-06,DAILY_TOTAL,,,,,,-29745.0,,3627472.5,3657217.5,-29745.0
2024-09-09,DAILY_TOTAL,,,,,,21645.0,,3649117.5,3657217.5,-8100.0
2024-09-10,DAILY_TOTAL,,,,,,12495.0,,3661612.5,3661612.5,0.0
2024-09-11,DAILY_TOTAL,,,,,,-7815.0,,3653797.5,3661612.5,-7815.0
2024-09-12,DAILY_TOTAL,,,,,,-89647.5,,3564150.0,3661612.5,-97462.5
2024-09-13,DAILY_TOTAL,,,,,,19537.5,,3583687.5,3661612.5,-77925.0
2024-09-16,DAILY_TOTAL,,,,,,17130.0,,3600817.5,3661612.5,-60795.0
2024-09-17,DAILY_TOTAL,,,,,,8422.5,,3609240.0,3661612.5,-52372.5
2024-09-18,DAILY_TOTAL,,,,,,-13935.0,,3595305.0,3661612.5,-66307.5
2024-09-19,DAILY_TOTAL,,,,,,17940.0,,3613245.0,3661612.5,-48367.5
2024-09-20,DAILY_TOTAL,,,,,,-49020.0,,3564225.0,3661612.5,-97387.5
2024-09-23,DAILY_TOTAL,,,,,,8325.0,,3572550.0,3661612.5,-89062.5
2024-09-24,DAILY_TOTAL,,,,,,17310.0,,3589860.0,3661612.5,-71752.5
2024-09-25,DAILY_TOTAL,,,,,,21157.5,,3611017.5,3661612.5,-50595.0
2024-09-26,DAILY_TOTAL,,,,,,3270.0,,3614287.5,3661612.5,-47325.0
2024-09-27,DAILY_TOTAL,,,,,,19537.5,,3633825.0,3661612.5,-27787.5
2024-09-30,DAILY_TOTAL,,,,,,-8452.5,,3625372.5,3661612.5,-36240.0
2024-10-01,DAILY_TOTAL,,,,,,32385.0,,3657757.5,3661612.5,-3855.0
2024-10-03,DAILY_TOTAL,,,,,,-45525.0,,3612232.5,3661612.5,-49380.0
2024-10-04,DAILY_TOTAL,,,,,,16125.0,,3628357.5,3661612.5,-33255.0
2024-10-07,DAILY_TOTAL,,,,,,-25447.5,,3602910.0,3661612.5,-58702.5
2024-10-08,DAILY_TOTAL,,,,,,11655.0,,3614565.0,3661612.5,-47047.5
2024-10-09,DAILY_TOTAL,,,,,,25657.5,,3640222.5,3661612.5,-21390.0
2024-10-10,DAILY_TOTAL,,,,,,20377.5,,3660600.0,3661612.5,-1012.5
2024-10-11,DAILY_TOTAL,,,,,,24495.0,,3685095.0,3685095.0,0.0
2024-10-14,DAILY_TOTAL,,,,,,16177.5,,3701272.5,3701272.5,0.0
2024-10-15,DAILY_TOTAL,,,,,,-3075.0,,3698197.5,3701272.5,-3075.0
2024-10-16,DAILY_TOTAL,,,,,,11430.0,,3709627.5,3709627.5,0.0
2024-10-17,DAILY_TOTAL,,,,,,-4447.5,,3705180.0,3709627.5,-4447.5
2024-10-18,DAILY_TOTAL,,,,,,-13455.0,,3691725.0,3709627.5,-17902.5
2024-10-21,DAILY_TOTAL,,,,,,-19650.0,,3672075.0,3709627.5,-37552.5
2024-10-22,DAILY_TOTAL,,,,,,-56025.0,,3616050.0,3709627.5,-93577.5
2024-10-23,DAILY_TOTAL,,,,,,22485.0,,3638535.0,3709627.5,-71092.5
2024-10-24,DAILY_TOTAL,,,,,,35025.0,,3673560.0,3709627.5,-36067.5
2024-10-25,DAILY_TOTAL,,,,,,2182.5,,3675742.5,3709627.5,-33885.0
2024-10-28,DAILY_TOTAL,,,,,,14692.5,,3690435.0,3709627.5,-19192.5
2024-10-29,DAILY_TOTAL,,,,,,-8670.0,,3681765.0,3709627.5,-27862.5
2024-10-30,DAILY_TOTAL,,,,,,17910.0,,3699675.0,3709627.5,-9952.5
2024-10-31,DAILY_TOTAL,,,,,,17220.0,,3716895.0,3716895.0,0.0
2024-11-04,DAILY_TOTAL,,,,,,11700.0,,3728595.0,3728595.0,0.0
2024-11-05,DAILY_TOTAL,,,,,,11977.5,,3740572.5,3740572.5,0.0
2024-11-06,DAILY_TOTAL,,,,,,25995.0,,3766567.5,3766567.5,0.0
2024-11-07,DAILY_TOTAL,,,,,,-15682.5,,3750885.0,3766567.5,-15682.5
2024-11-08,DAILY_TOTAL,,,,,,37080.0,,3787965.0,3787965.0,0.0
2024-11-11,DAILY_TOTAL,,,,,,24735.0,,3812700.0,3812700.0,0.0
2024-11-12,DAILY_TOTAL,,,,,,-56407.5,,3756292.5,3812700.0,-56407.5
2024-11-13,DAILY_TOTAL,,,,,,-10905.0,,3745387.5,3812700.0,-67312.5
2024-11-14,DAILY_TOTAL,,,,,,23160.0,,3768547.5,3812700.0,-44152.5
2024-11-18,DAILY_TOTAL,,,,,,23715.0,,3792262.5,3812700.0,-20437.5
2024-11-19,DAILY_TOTAL,,,,,,-10140.0,,3782122.5,3812700.0,-30577.5
2024-11-21,DAILY_TOTAL,,,,,,33367.5,,3815490.0,3815490.0,0.0
2024-11-22,DAILY_TOTAL,,,,,,-102870.0,,3712620.0,3815490.0,-102870.0
2024-11-25,DAILY_TOTAL,,,,,,6660.0,,3719280.0,3815490.0,-96210.0
2024-11-26,DAILY_TOTAL,,,,,,19980.0,,3739260.0,3815490.0,-76230.0
2024-11-27,DAILY_TOTAL,,,,,,11700.0,,3750960.0,3815490.0,-64530.0
2024-11-28,DAILY_TOTAL,,,,,,-83197.5,,3667762.5,3815490.0,-147727.5
2024-11-29,DAILY_TOTAL,,,,,,1807.5,,3669570.0,3815490.0,-145920.0
2024-12-02,DAILY_TOTAL,,,,,,-25972.5,,3643597.5,3815490.0,-171892.5
2024-12-03,DAILY_TOTAL,,,,,,5100.0,,3648697.5,3815490.0,-166792.5
2024-12-04,DAILY_TOTAL,,,,,,9945.0,,3658642.5,3815490.0,-156847.5
2024-12-05,DAILY_TOTAL,,,,,,21855.0,,3680497.5,3815490.0,-134992.5
2024-12-06,DAILY_TOTAL,,,,,,35377.5,,3715875.0,3815490.0,-99615.0
2024-12-09,DAILY_TOTAL,,,,,,26272.5,,3742147.5,3815490.0,-73342.5
2024-12-10,DAILY_TOTAL,,,,,,25987.5,,3768135.0,3815490.0,-47355.0
2024-12-11,DAILY_TOTAL,,,,,,31657.5,,3799792.5,3815490.0,-15697.5
2024-12-12,DAILY_TOTAL,,,,,,15345.0,,3815137.5,3815490.0,-352.5
2024-12-13,DAILY_TOTAL,,,,,,-36975.0,,3778162.5,3815490.0,-37327.5
2024-12-16,DAILY_TOTAL,,,,,,-20205.0,,3757957.5,3815490.0,-57532.5
2024-12-17,DAILY_TOTAL,,,,,,-12105.0,,3745852.5,3815490.0,-69637.5
2024-12-18,DAILY_TOTAL,,,,,,12615.0,,3758467.5,3815490.0,-57022.5
2024-12-19,DAILY_TOTAL,,,,,,30637.5,,3789105.0,3815490.0,-26385.0
2024-12-20,DAILY_TOTAL,,,,,,-6780.0,,3782325.0,3815490.0,-33165.0
2024-12-23,DAILY_TOTAL,,,,,,79057.5,,3861382.5,3861382.5,0.0
2024-12-24,DAILY_TOTAL,,,,,,15727.5,,3877110.0,3877110.0,0.0
2024-12-26,DAILY_TOTAL,,,,,,13102.5,,3890212.5,3890212.5,0.0
2024-12-27,DAILY_TOTAL,,,,,,35010.0,,3925222.5,3925222.5,0.0
2024-12-30,DAILY_TOTAL,,,,,,7402.5,,3932625.0,3932625.0,0.0
2024-12-31,DAILY_TOTAL,,,,,,-18727.5,,3913897.5,3932625.0,-18727.5
